date,pos_edges,neg_edges,sent_edges,pos_sparsified,neg_sparsified,sent_sparsified,pos_max_deg,neg_max_deg,sent_max_deg,sent_vs_price_jaccard,jac_pos_prev,jac_neg_prev,jac_sent_prev
2018-01-02,18,2,0,False,False,False,5,2,0,0.0,,,
2018-01-03,16,1,0,False,False,False,4,1,0,0.0,0.6190476190476191,0.0,1.0
2018-01-04,17,1,0,False,False,False,4,1,0,0.0,0.9411764705882353,0.0,1.0
2018-01-05,17,0,0,False,False,False,3,0,0,0.0,0.8888888888888888,0.0,1.0
2018-01-08,15,0,0,False,False,False,4,0,0,0.0,0.7777777777777778,1.0,1.0
2018-01-09,16,0,0,False,False,False,5,0,0,0.0,0.9375,1.0,1.0
2018-01-10,18,0,0,False,False,False,5,0,0,0.0,0.7894736842105263,1.0,1.0
2018-01-11,19,0,0,False,False,False,5,0,0,0.0,0.85,1.0,1.0
2018-01-12,21,0,0,False,False,False,5,0,0,0.0,0.7391304347826086,1.0,1.0
2018-01-16,21,1,11,False,False,False,5,1,5,0.03125,0.75,0.0,0.0
2018-01-17,22,2,18,False,False,False,5,1,6,0.024390243902439025,0.5925925925925926,0.5,0.45
2018-01-18,22,1,25,False,False,False,5,1,8,0.02127659574468085,0.5714285714285714,0.5,0.6538461538461539
2018-01-19,19,1,28,False,False,False,5,1,7,0.02127659574468085,0.7083333333333334,1.0,0.7666666666666667
2018-01-22,23,1,28,False,False,False,5,1,8,0.0196078431372549,0.6153846153846154,1.0,0.8064516129032258
2018-01-23,24,3,25,False,False,False,5,2,7,0.0,0.7407407407407407,0.0,0.8275862068965517
2018-01-24,22,3,19,False,False,False,5,2,6,0.0,0.84,1.0,0.76
2018-01-25,20,3,21,False,False,False,5,2,6,0.0,0.75,1.0,0.7391304347826086
2018-01-26,14,3,16,False,False,False,5,2,5,0.0,0.7,1.0,0.4230769230769231
2018-01-29,18,3,16,False,False,False,5,2,5,0.0,0.6842105263157895,1.0,0.6
2018-01-30,24,2,16,False,False,False,7,2,5,0.0,0.6153846153846154,0.6666666666666666,0.7777777777777778
2018-01-31,22,2,17,False,False,False,7,2,5,0.0,0.5862068965517241,1.0,0.8333333333333334
2018-02-01,18,1,20,False,False,False,5,1,5,0.02631578947368421,0.6666666666666666,0.5,0.6818181818181818
2018-02-02,49,1,22,False,False,False,10,1,6,0.014084507042253521,0.34,1.0,0.68
2018-02-05,29,0,19,True,False,False,5,0,5,0.0,0.4716981132075472,0.0,0.4642857142857143
2018-02-06,33,0,24,True,False,False,5,0,7,0.0,0.4418604651162791,1.0,0.43333333333333335
2018-02-07,34,0,26,True,False,False,5,0,8,0.01694915254237288,0.675,1.0,0.7857142857142857
2018-02-08,34,0,28,True,False,False,5,0,8,0.01639344262295082,0.6190476190476191,1.0,0.8
2018-02-09,33,0,32,True,False,False,5,0,10,0.015625,0.5581395348837209,1.0,0.8181818181818182
2018-02-12,33,0,35,True,False,False,5,0,9,0.014925373134328358,0.7837837837837838,1.0,0.7631578947368421
2018-02-13,31,0,29,True,False,False,5,0,8,0.01694915254237288,0.8823529411764706,1.0,0.7297297297297297
2018-02-14,33,0,28,True,False,False,5,0,7,0.016666666666666666,0.6410256410256411,1.0,0.6764705882352942
2018-02-15,33,0,34,True,False,False,5,0,8,0.03076923076923077,0.8857142857142857,1.0,0.8235294117647058
2018-02-16,34,0,37,True,False,False,5,0,10,0.028985507246376812,0.675,1.0,0.6904761904761905
2018-02-20,37,0,35,True,False,False,5,0,7,0.02857142857142857,0.8205128205128205,1.0,0.6363636363636364
2018-02-21,38,0,32,True,False,False,5,0,7,0.029411764705882353,0.7045454545454546,1.0,0.8611111111111112
2018-02-22,42,0,36,True,False,False,5,0,8,0.02631578947368421,0.7021276595744681,1.0,0.7
2018-02-23,43,0,38,True,False,False,5,0,8,0.0125,0.8085106382978723,1.0,0.7209302325581395
2018-02-26,43,0,39,True,False,False,5,0,9,0.012345679012345678,0.7551020408163265,1.0,0.8333333333333334
2018-02-27,39,0,42,True,False,False,5,0,10,0.02531645569620253,0.8222222222222222,1.0,0.8
2018-02-28,40,0,44,True,False,False,5,0,10,0.05,0.7555555555555555,1.0,0.8297872340425532
2018-03-01,37,0,43,True,False,False,5,0,9,0.06666666666666667,0.5714285714285714,1.0,0.7755102040816326
2018-03-02,36,0,42,True,False,False,5,0,10,0.0684931506849315,0.6976744186046512,1.0,0.7708333333333334
2018-03-05,35,0,43,True,False,False,5,0,9,0.08333333333333333,0.6136363636363636,1.0,0.7346938775510204
2018-03-06,38,0,29,True,False,False,5,0,7,0.06349206349206349,0.6222222222222222,1.0,0.6363636363636364
2018-03-07,41,0,22,True,False,False,5,0,7,0.05,0.58,1.0,0.7
2018-03-08,39,0,18,True,False,False,5,0,5,0.017857142857142856,0.6,1.0,0.8181818181818182
2018-03-09,44,0,16,True,False,False,5,0,6,0.01694915254237288,0.509090909090909,1.0,0.4782608695652174
2018-03-12,42,0,21,True,False,False,5,0,7,0.03278688524590164,0.5925925925925926,1.0,0.5416666666666666
2018-03-13,40,0,25,True,False,False,5,0,8,0.031746031746031744,0.5769230769230769,1.0,0.7037037037037037
2018-03-14,40,0,27,True,False,False,5,0,8,0.03076923076923077,0.7021276595744681,1.0,0.7931034482758621
2018-03-15,42,0,22,True,False,False,5,0,6,0.03225806451612903,0.64,1.0,0.48484848484848486
2018-03-16,42,0,29,True,False,False,5,0,7,0.07575757575757576,0.68,1.0,0.7
2018-03-19,40,0,24,True,False,False,5,0,7,0.06666666666666667,0.673469387755102,1.0,0.65625
2018-03-20,39,0,28,True,False,False,5,0,7,0.046875,0.717391304347826,1.0,0.5757575757575758
2018-03-21,36,0,21,True,False,False,5,0,6,0.03636363636363636,0.5957446808510638,1.0,0.5806451612903226
2018-03-22,31,0,13,True,False,False,5,0,6,0.023255813953488372,0.675,1.0,0.6190476190476191
2018-03-23,31,0,16,True,False,False,5,0,6,0.021739130434782608,0.631578947368421,1.0,0.8125
2018-03-26,32,0,14,True,False,False,5,0,5,0.0,0.6153846153846154,1.0,0.6666666666666666
2018-03-27,30,0,13,True,False,False,5,0,5,0.023809523809523808,0.7222222222222222,1.0,0.5
2018-03-28,28,0,17,True,False,False,5,0,5,0.022727272727272728,0.48717948717948717,1.0,0.7647058823529411
2018-03-29,28,0,15,True,False,False,5,0,5,0.04878048780487805,0.696969696969697,1.0,0.5238095238095238
2018-04-02,30,0,17,True,False,False,5,0,7,0.044444444444444446,0.6571428571428571,1.0,0.6842105263157895
2018-04-03,29,0,15,True,False,False,5,0,4,0.023255813953488372,0.7878787878787878,1.0,0.5238095238095238
2018-04-04,32,0,10,True,False,False,5,0,3,0.0,0.7428571428571429,1.0,0.5625
2018-04-05,32,0,8,True,False,False,5,0,3,0.0,0.6410256410256411,1.0,0.6363636363636364
2018-04-06,31,0,9,True,False,False,5,0,3,0.0,0.75,1.0,0.8888888888888888
2018-04-09,35,0,10,True,False,False,5,0,4,0.0,0.6923076923076923,1.0,0.9
2018-04-10,36,0,10,True,False,False,5,0,3,0.0,0.6904761904761905,1.0,0.6666666666666666
2018-04-11,34,0,16,True,False,False,5,0,6,0.02040816326530612,0.8918918918918919,1.0,0.5294117647058824
2018-04-12,33,0,19,True,False,False,5,0,6,0.04,0.8108108108108109,1.0,0.75
2018-04-13,37,0,16,True,False,False,5,0,5,0.0392156862745098,0.7948717948717948,1.0,0.5909090909090909
2018-04-16,35,0,20,True,False,False,5,0,6,0.0,0.8461538461538461,1.0,0.5652173913043478
2018-04-17,35,0,24,True,False,False,5,0,6,0.0,0.8421052631578947,1.0,0.6923076923076923
2018-04-18,33,0,28,True,False,False,5,0,6,0.0,0.8378378378378378,1.0,0.7931034482758621
2018-04-19,34,0,25,True,False,False,5,0,6,0.0,0.8108108108108109,1.0,0.7096774193548387
2018-04-20,34,0,22,True,False,False,5,0,6,0.0,0.6585365853658537,1.0,0.8076923076923077
2018-04-23,36,0,22,True,False,False,5,0,7,0.0,0.7948717948717948,1.0,0.6923076923076923
2018-04-24,34,0,21,True,False,False,5,0,7,0.0,0.627906976744186,1.0,0.7916666666666666
2018-04-25,32,0,25,True,False,False,5,0,8,0.0,0.6923076923076923,1.0,0.7692307692307693
2018-04-26,35,0,29,True,False,False,5,0,9,0.015873015873015872,0.7631578947368421,1.0,0.6875
2018-04-27,33,0,27,True,False,False,5,0,9,0.01694915254237288,0.7435897435897436,1.0,0.8666666666666667
2018-04-30,31,0,31,True,False,False,5,0,8,0.0,0.6842105263157895,1.0,0.6111111111111112
2018-05-01,29,0,33,True,False,False,5,0,8,0.03333333333333333,0.8181818181818182,1.0,0.7777777777777778
2018-05-02,29,0,27,True,False,False,5,0,7,0.037037037037037035,0.8125,1.0,0.7142857142857143
2018-05-03,28,0,24,True,False,False,5,0,5,0.0196078431372549,0.8387096774193549,1.0,0.5454545454545454
2018-05-04,36,0,23,False,False,False,10,0,6,0.017241379310344827,0.6410256410256411,1.0,0.6785714285714286
2018-05-07,38,0,24,False,False,False,9,0,6,0.01639344262295082,0.85,1.0,0.5666666666666667
2018-05-08,32,0,27,False,False,False,9,0,7,0.0,0.7948717948717948,1.0,0.7586206896551724
2018-05-09,30,0,27,False,False,False,8,0,8,0.017857142857142856,0.7714285714285715,1.0,0.8
2018-05-10,25,0,28,False,False,False,6,0,8,0.0,0.6666666666666666,1.0,0.5714285714285714
2018-05-11,27,0,26,False,False,False,6,0,5,0.0,0.8571428571428571,1.0,0.6363636363636364
2018-05-14,28,0,24,False,False,False,7,0,6,0.0,0.7741935483870968,1.0,0.5625
2018-05-15,33,0,30,False,False,False,8,0,9,0.016129032258064516,0.525,1.0,0.5882352941176471
2018-05-16,34,0,27,False,False,False,8,0,8,0.016666666666666666,0.8611111111111112,1.0,0.6764705882352942
2018-05-17,39,0,25,False,False,False,9,0,6,0.03225806451612903,0.6976744186046512,1.0,0.625
2018-05-18,32,0,20,False,False,False,9,0,5,0.0196078431372549,0.775,1.0,0.6666666666666666
2018-05-21,36,0,22,False,False,False,10,0,6,0.0,0.7894736842105263,1.0,0.75
2018-05-22,26,0,28,False,False,False,9,0,7,0.018867924528301886,0.5897435897435898,1.0,0.6666666666666666
2018-05-23,31,0,27,False,False,False,9,0,7,0.017543859649122806,0.7272727272727273,1.0,0.7741935483870968
2018-05-24,30,0,27,False,False,False,8,0,7,0.0,0.6944444444444444,1.0,0.8
2018-05-25,39,0,33,False,False,False,10,0,9,0.0,0.6046511627906976,1.0,0.6216216216216216
2018-05-29,41,0,18,False,False,True,10,0,5,0.0,0.6326530612244898,1.0,0.5
2018-05-30,34,0,18,True,False,True,5,0,5,0.0,0.7045454545454546,1.0,0.8947368421052632
2018-05-31,50,0,20,False,False,True,10,0,5,0.04477611940298507,0.5555555555555556,1.0,0.7272727272727273
2018-06-01,38,0,15,True,False,True,5,0,4,0.0,0.6,1.0,0.5909090909090909
2018-06-04,35,0,39,True,False,False,5,0,9,0.05714285714285714,0.7804878048780488,1.0,0.38461538461538464
2018-06-05,48,0,35,False,False,False,10,0,9,0.0641025641025641,0.6274509803921569,1.0,0.8048780487804879
2018-06-06,59,1,33,False,False,False,10,1,9,0.06896551724137931,0.6984126984126984,0.0,0.7435897435897436
2018-06-07,51,1,31,False,False,False,9,1,7,0.05063291139240506,0.6923076923076923,1.0,0.8285714285714286
2018-06-08,48,2,29,False,False,False,9,2,6,0.025974025974025976,0.8679245283018868,0.5,0.5384615384615384
2018-06-11,44,2,35,False,False,False,9,2,8,0.08,0.84,1.0,0.4883720930232558
2018-06-12,50,1,32,False,False,False,9,1,8,0.05063291139240506,0.8431372549019608,0.5,0.5952380952380952
2018-06-13,44,3,33,False,False,False,9,3,9,0.08108108108108109,0.6785714285714286,0.3333333333333333,0.7567567567567568
2018-06-14,47,1,33,False,False,False,10,1,9,0.06578947368421052,0.7843137254901961,0.3333333333333333,0.8333333333333334
2018-06-15,50,1,34,False,False,False,10,1,9,0.1038961038961039,0.7962962962962963,1.0,0.7631578947368421
2018-06-18,51,1,34,False,False,False,10,1,9,0.10256410256410256,0.9056603773584906,1.0,0.9428571428571428
2018-06-19,56,4,29,False,False,False,10,2,8,0.09876543209876543,0.8135593220338984,0.25,0.8
2018-06-20,33,4,21,True,False,False,5,2,6,0.05454545454545454,0.5614035087719298,0.6,0.6129032258064516
2018-06-21,33,7,27,True,False,False,5,4,6,0.06349206349206349,0.7368421052631579,0.5714285714285714,0.7777777777777778
2018-06-22,54,4,28,False,False,False,10,3,7,0.08860759493670886,0.5818181818181818,0.5714285714285714,0.7741935483870968
2018-06-25,38,9,25,True,False,False,5,6,6,0.058823529411764705,0.559322033898305,0.4444444444444444,0.7096774193548387
2018-06-26,35,10,31,True,False,False,5,7,8,0.10144927536231885,0.7804878048780488,0.7272727272727273,0.696969696969697
2018-06-27,52,14,40,False,False,False,9,7,9,0.13978494623655913,0.6111111111111112,0.6,0.775
2018-06-28,45,15,43,False,False,False,8,8,9,0.14444444444444443,0.8301886792452831,0.9333333333333333,0.8444444444444444
2018-06-29,38,14,42,False,False,False,7,7,9,0.13253012048192772,0.8043478260869565,0.9333333333333333,0.7708333333333334
2018-07-02,37,9,38,False,False,False,7,5,8,0.10526315789473684,0.9736842105263158,0.6428571428571429,0.8604651162790697
2018-07-03,39,9,36,False,False,False,7,6,9,0.09090909090909091,0.9,0.6363636363636364,0.85
2018-07-05,39,0,43,False,False,False,7,0,9,0.05128205128205128,0.813953488372093,0.0,0.8372093023255814
2018-07-06,45,0,45,False,False,False,8,0,10,0.046511627906976744,0.8260869565217391,1.0,0.8333333333333334
2018-07-09,44,12,34,False,False,False,9,6,8,0.07142857142857142,0.7450980392156863,0.0,0.6808510638297872
2018-07-10,46,9,30,False,False,False,9,5,7,0.0759493670886076,0.9565217391304348,0.75,0.8823529411764706
2018-07-11,51,9,25,False,False,False,10,5,6,0.04938271604938271,0.9019607843137255,1.0,0.6176470588235294
2018-07-12,52,11,21,False,False,False,10,6,6,0.05,0.9074074074074074,0.8181818181818182,0.7692307692307693
2018-07-13,31,11,17,True,False,False,5,6,5,0.07272727272727272,0.5660377358490566,1.0,0.6521739130434783
2018-07-16,48,5,18,False,False,False,9,3,5,0.05970149253731343,0.6122448979591837,0.45454545454545453,0.6666666666666666
2018-07-17,44,6,14,False,False,False,9,4,4,0.03225806451612903,0.84,0.8333333333333334,0.391304347826087
2018-07-18,41,3,13,False,False,False,7,3,3,0.017857142857142856,0.7346938775510204,0.5,0.5882352941176471
2018-07-19,40,3,16,False,False,False,7,3,4,0.0,0.8409090909090909,0.5,0.7058823529411765
2018-07-20,39,2,16,False,False,False,7,2,5,0.017857142857142856,0.926829268292683,0.25,0.391304347826087
2018-07-23,38,6,21,False,False,False,7,3,6,0.015625,0.8780487804878049,0.3333333333333333,0.6818181818181818
2018-07-24,24,0,25,False,False,False,4,0,6,0.020833333333333332,0.5121951219512195,0.0,0.6428571428571429
2018-07-25,23,0,27,False,False,False,5,0,7,0.02040816326530612,0.6206896551724138,1.0,0.5757575757575758
2018-07-26,22,0,28,False,False,False,5,0,9,0.02040816326530612,0.6071428571428571,1.0,0.71875
2018-07-27,20,0,32,False,False,False,5,0,8,0.0196078431372549,0.6153846153846154,1.0,0.7647058823529411
2018-07-30,24,2,30,False,False,False,5,2,10,0.037037037037037035,0.76,0.0,0.8235294117647058
2018-07-31,25,3,32,False,False,False,5,3,10,0.034482758620689655,0.75,0.6666666666666666,0.7714285714285715
2018-08-01,17,8,28,False,False,False,3,3,9,0.08163265306122448,0.6153846153846154,0.375,0.7647058823529411
2018-08-02,16,6,24,False,False,False,4,3,9,0.045454545454545456,0.65,0.75,0.7333333333333333
2018-08-03,16,6,21,False,False,False,4,3,8,0.075,1.0,0.7142857142857143,0.6071428571428571
2018-08-06,14,0,21,False,False,False,4,0,7,0.0,0.6666666666666666,0.0,0.8260869565217391
2018-08-07,10,0,23,False,False,False,3,0,7,0.03125,0.7142857142857143,1.0,0.5172413793103449
2018-08-08,9,0,27,False,False,False,3,0,8,0.02857142857142857,0.7272727272727273,1.0,0.7241379310344828
2018-08-09,11,0,18,False,False,False,3,0,7,0.03571428571428571,0.8181818181818182,1.0,0.6666666666666666
2018-08-10,13,0,19,False,False,False,4,0,6,0.03225806451612903,0.7142857142857143,1.0,0.5416666666666666
2018-08-13,11,0,16,False,False,False,2,0,5,0.038461538461538464,0.6,1.0,0.5909090909090909
2018-08-14,14,0,11,False,False,False,2,0,3,0.0,0.6666666666666666,1.0,0.5
2018-08-15,15,0,12,False,False,False,3,0,3,0.038461538461538464,0.6111111111111112,1.0,0.7692307692307693
2018-08-16,17,0,13,False,False,False,4,0,3,0.034482758620689655,0.6842105263157895,1.0,0.7857142857142857
2018-08-17,15,0,15,False,False,False,3,0,3,0.034482758620689655,0.6,1.0,0.75
2018-08-20,13,0,19,False,False,False,4,0,5,0.06666666666666667,0.47368421052631576,1.0,0.4782608695652174
2018-08-21,20,0,21,False,False,False,4,0,6,0.025,0.43478260869565216,1.0,0.8181818181818182
2018-08-22,19,0,19,False,False,False,4,0,7,0.0,0.6956521739130435,1.0,0.6666666666666666
2018-08-23,21,0,23,False,False,False,4,0,6,0.0,0.7391304347826086,1.0,0.6153846153846154
2018-08-24,27,0,23,False,False,False,5,0,7,0.02040816326530612,0.6551724137931034,1.0,0.7692307692307693
2018-08-27,26,1,29,False,False,False,5,1,7,0.037037037037037035,0.7096774193548387,0.0,0.7333333333333333
2018-08-28,30,1,36,False,False,False,6,1,8,0.046875,0.6470588235294118,1.0,0.7567567567567568
2018-08-29,31,1,41,False,False,False,6,1,9,0.04285714285714286,0.7941176470588235,0.0,0.8333333333333334
2018-08-30,31,1,36,False,False,False,6,1,9,0.030303030303030304,0.8235294117647058,0.0,0.7906976744186046
2018-08-31,33,1,37,False,False,False,7,1,9,0.028985507246376812,0.8285714285714286,1.0,0.7804878048780488
2018-09-04,24,1,38,False,False,False,5,1,9,0.03278688524590164,0.5405405405405406,1.0,0.7045454545454546
2018-09-05,26,1,34,False,False,False,5,1,8,0.03389830508474576,0.7241379310344828,0.0,0.7560975609756098
2018-09-06,25,1,30,False,False,False,5,1,7,0.07692307692307693,0.7,0.0,0.6842105263157895
2018-09-07,21,0,27,False,False,False,4,0,7,0.043478260869565216,0.7037037037037037,0.0,0.5833333333333334
2018-09-10,19,0,29,False,False,False,4,0,7,0.0,0.6,1.0,0.75
2018-09-11,21,2,26,False,False,False,5,1,6,0.0,0.5384615384615384,0.0,0.7741935483870968
2018-09-12,16,1,28,False,False,False,3,1,6,0.0,0.5416666666666666,0.5,0.7419354838709677
2018-09-13,13,0,25,False,False,False,3,0,6,0.0,0.7058823529411765,0.0,0.6060606060606061
2018-09-14,12,0,18,False,False,False,3,0,5,0.0,0.7857142857142857,1.0,0.5357142857142857
2018-09-17,12,0,22,False,False,False,2,0,5,0.0,0.8461538461538461,1.0,0.3793103448275862
2018-09-18,13,1,25,False,False,False,2,1,5,0.0,0.7857142857142857,0.0,0.5666666666666667
2018-09-19,13,3,26,False,False,False,3,3,6,0.024390243902439025,0.5294117647058824,0.0,0.8888888888888888
2018-09-20,11,3,23,False,False,False,3,3,6,0.0,0.7142857142857143,1.0,0.6333333333333333
2018-09-21,12,4,26,False,False,False,3,3,6,0.0,0.9166666666666666,0.75,0.6333333333333333
2018-09-24,16,2,26,False,False,False,3,1,6,0.0,0.5555555555555556,0.5,0.4857142857142857
2018-09-25,17,1,29,False,False,False,4,1,7,0.0,0.7368421052631579,0.5,0.5277777777777778
2018-09-26,18,1,30,False,False,False,4,1,7,0.020833333333333332,0.75,1.0,0.6857142857142857
2018-09-27,19,1,27,False,False,False,4,1,6,0.021739130434782608,0.85,1.0,0.8387096774193549
2018-09-28,20,0,30,False,False,False,5,0,7,0.02040816326530612,0.6956521739130435,0.0,0.7272727272727273
2018-10-01,22,0,34,False,False,False,5,0,8,0.0,0.5555555555555556,1.0,0.6842105263157895
2018-10-02,20,0,40,False,False,False,4,0,8,0.0,0.75,1.0,0.6818181818181818
2018-10-03,19,0,45,False,False,False,4,0,10,0.015873015873015872,0.6956521739130435,1.0,0.7
2018-10-04,18,0,37,False,False,False,3,0,8,0.0,0.7619047619047619,1.0,0.7083333333333334
2018-10-05,20,0,30,False,False,False,4,0,6,0.0,0.8095238095238095,1.0,0.675
2018-10-08,19,0,32,False,False,False,4,0,6,0.04081632653061224,0.8571428571428571,1.0,0.7222222222222222
2018-10-09,19,0,31,False,False,False,4,0,6,0.02040816326530612,0.6521739130434783,1.0,0.7027027027027027
2018-10-10,37,0,33,True,False,False,5,0,6,0.014492753623188406,0.47368421052631576,1.0,0.7297297297297297
2018-10-11,48,0,31,True,False,False,5,0,7,0.039473684210526314,0.6666666666666666,1.0,0.6
2018-10-12,48,0,32,True,False,False,5,0,8,0.02564102564102564,0.8461538461538461,1.0,0.6153846153846154
2018-10-15,47,0,32,True,False,False,5,0,8,0.05333333333333334,0.7592592592592593,1.0,0.5238095238095238
2018-10-16,44,0,41,True,False,False,5,0,10,0.0625,0.7843137254901961,1.0,0.6590909090909091
2018-10-17,44,0,38,True,False,False,5,0,10,0.06493506493506493,0.543859649122807,1.0,0.7555555555555555
2018-10-18,41,0,34,True,False,False,5,0,9,0.056338028169014086,0.8888888888888888,1.0,0.5652173913043478
2018-10-19,41,1,35,True,False,False,5,1,9,0.0547945205479452,0.7446808510638298,0.0,0.6829268292682927
2018-10-22,42,1,34,True,False,False,5,1,8,0.06944444444444445,0.7659574468085106,1.0,0.8157894736842105
2018-10-23,40,0,34,True,False,False,5,0,7,0.027777777777777776,0.673469387755102,0.0,0.7435897435897436
2018-10-24,40,1,32,True,False,False,5,1,7,0.04285714285714286,0.7391304347826086,0.0,0.7368421052631579
2018-10-25,36,1,38,True,False,False,5,1,8,0.056338028169014086,0.8095238095238095,1.0,0.5555555555555556
2018-10-26,37,1,36,True,False,False,5,1,8,0.04225352112676056,0.7380952380952381,1.0,0.6444444444444445
2018-10-29,37,1,42,True,False,False,5,1,9,0.05263157894736842,0.8048780487804879,1.0,0.6956521739130435
2018-10-30,41,0,31,True,False,False,5,0,9,0.02857142857142857,0.7333333333333333,0.0,0.6590909090909091
2018-10-31,40,0,31,True,False,False,5,0,9,0.028985507246376812,0.8837209302325582,1.0,0.5897435897435898
2018-11-01,42,0,33,True,False,False,5,0,10,0.0273972602739726,0.8636363636363636,1.0,0.6842105263157895
2018-11-02,43,0,29,True,False,False,5,0,8,0.02857142857142857,0.7346938775510204,1.0,0.6756756756756757
2018-11-05,44,0,27,True,False,False,5,0,7,0.014285714285714285,0.9772727272727273,1.0,0.8064516129032258
2018-11-06,42,0,27,True,False,False,5,0,8,0.029850746268656716,0.8695652173913043,1.0,0.5882352941176471
2018-11-07,44,1,33,True,False,False,5,1,8,0.0,0.7551020408163265,0.0,0.6216216216216216
2018-11-08,36,1,20,True,False,True,5,1,5,0.017857142857142856,0.6,1.0,0.4722222222222222
2018-11-09,36,1,39,True,False,False,5,1,10,0.05555555555555555,0.7142857142857143,1.0,0.43902439024390244
2018-11-12,35,1,36,True,False,False,5,1,9,0.058823529411764705,0.8205128205128205,1.0,0.9230769230769231
2018-11-13,34,1,34,True,False,False,5,1,8,0.06153846153846154,0.8157894736842105,1.0,0.8918918918918919
2018-11-14,35,2,37,True,False,False,5,1,9,0.04225352112676056,0.7692307692307693,0.5,0.868421052631579
2018-11-15,38,2,40,True,False,False,5,1,9,0.02564102564102564,0.6222222222222222,1.0,0.8780487804878049
2018-11-16,38,0,38,True,False,False,5,0,9,0.013333333333333334,0.7272727272727273,0.0,0.7727272727272727
2018-11-19,35,1,35,True,False,False,5,1,8,0.04411764705882353,0.6590909090909091,0.0,0.7804878048780488
2018-11-20,38,1,31,True,False,False,5,1,8,0.029411764705882353,0.6222222222222222,0.0,0.5714285714285714
2018-11-21,38,0,23,True,False,False,5,0,6,0.016666666666666666,0.6170212765957447,0.0,0.6363636363636364
2018-11-23,42,0,25,True,False,False,5,0,5,0.015151515151515152,0.7777777777777778,1.0,0.6
2018-11-26,37,0,27,True,False,False,5,0,6,0.0,0.6458333333333334,1.0,0.625
2018-11-27,32,0,29,True,False,False,5,0,7,0.0,0.5681818181818182,1.0,0.696969696969697
2018-11-28,32,0,32,True,False,False,5,0,8,0.03225806451612903,0.6,1.0,0.7428571428571429
2018-11-29,36,0,35,True,False,False,5,0,8,0.028985507246376812,0.6190476190476191,1.0,0.7631578947368421
2018-11-30,34,0,33,True,False,False,5,0,8,0.046875,0.7073170731707317,1.0,0.5813953488372093
2018-12-03,35,0,28,True,False,False,5,0,7,0.03278688524590164,0.6428571428571429,1.0,0.5641025641025641
2018-12-04,32,0,21,True,False,False,5,0,5,0.0392156862745098,0.6341463414634146,1.0,0.5806451612903226
2018-12-06,30,0,21,True,False,False,5,0,5,0.04081632653061224,0.8235294117647058,1.0,0.68
2018-12-07,31,0,18,True,False,False,5,0,4,0.0425531914893617,0.90625,1.0,0.625
2018-12-10,32,0,21,True,False,False,5,0,5,0.019230769230769232,0.75,1.0,0.6956521739130435
2018-12-11,30,0,18,True,False,False,5,0,4,0.02127659574468085,0.8787878787878788,1.0,0.625
2018-12-12,30,0,13,True,False,False,5,0,4,0.023809523809523808,0.7647058823529411,1.0,0.47619047619047616
2018-12-13,30,0,17,True,False,False,5,0,5,0.044444444444444446,0.9354838709677419,1.0,0.6666666666666666
2018-12-14,31,0,30,True,False,False,5,0,8,0.07017543859649122,0.6052631578947368,1.0,0.46875
2018-12-17,37,0,35,True,False,False,5,0,8,0.07462686567164178,0.7435897435897436,1.0,0.7567567567567568
2018-12-18,37,0,34,True,False,False,5,0,8,0.109375,0.8048780487804879,1.0,0.7692307692307693
2018-12-19,41,0,34,True,False,False,5,0,8,0.10294117647058823,0.6956521739130435,1.0,0.7435897435897436
2018-12-20,38,0,34,True,False,False,5,0,7,0.09090909090909091,0.6122448979591837,1.0,0.7894736842105263
2018-12-21,39,0,43,True,False,False,5,0,10,0.05128205128205128,0.75,1.0,0.5714285714285714
2018-12-24,44,0,50,True,False,False,5,0,10,0.09302325581395349,0.7291666666666666,1.0,0.6909090909090909
2018-12-26,46,0,45,True,False,False,5,0,9,0.07058823529411765,0.7647058823529411,1.0,0.7592592592592593
2018-12-27,49,0,45,True,False,False,5,0,9,0.08045977011494253,0.7924528301886793,1.0,0.6071428571428571
2018-12-28,46,0,47,True,False,False,5,0,9,0.056818181818181816,0.9,1.0,0.7358490566037735
2018-12-31,44,0,49,True,False,False,5,0,10,0.056818181818181816,0.875,1.0,0.6842105263157895
2019-01-02,42,0,31,True,False,True,5,0,5,0.057971014492753624,0.7551020408163265,1.0,0.5094339622641509
2019-01-03,48,0,42,True,False,False,5,0,10,0.07142857142857142,0.6666666666666666,1.0,0.46
2019-01-04,45,0,32,True,False,False,5,0,7,0.0547945205479452,0.7884615384615384,1.0,0.6444444444444445
2019-01-07,41,0,35,True,False,False,5,0,8,0.05555555555555555,0.7551020408163265,1.0,0.7631578947368421
2019-01-08,41,0,33,True,False,False,5,0,7,0.07246376811594203,0.8222222222222222,1.0,0.6585365853658537
2019-01-09,38,0,27,True,False,False,5,0,6,0.04838709677419355,0.6808510638297872,1.0,0.6216216216216216
2019-01-10,38,0,25,True,False,False,5,0,6,0.016129032258064516,0.7674418604651163,1.0,0.7333333333333333
2019-01-11,38,0,21,True,False,False,5,0,6,0.017241379310344827,0.7674418604651163,1.0,0.5862068965517241
2019-01-14,39,0,15,True,False,False,5,0,5,0.0,0.7111111111111111,1.0,0.5652173913043478
2019-01-15,41,0,15,True,False,False,5,0,5,0.01818181818181818,0.48148148148148145,1.0,0.875
2019-01-16,41,0,20,True,False,False,5,0,6,0.03389830508474576,0.673469387755102,1.0,0.5909090909090909
2019-01-17,41,0,23,True,False,False,5,0,6,0.06666666666666667,0.673469387755102,1.0,0.6538461538461539
2019-01-18,38,0,28,True,False,False,5,0,8,0.047619047619047616,0.7555555555555555,1.0,0.5454545454545454
2019-01-22,40,0,32,True,False,False,5,0,9,0.043478260869565216,0.7727272727272727,1.0,0.6216216216216216
2019-01-23,39,0,35,True,False,False,5,0,9,0.0136986301369863,0.58,1.0,0.675
2019-01-24,33,0,35,True,False,False,5,0,10,0.030303030303030304,0.5652173913043478,1.0,0.6666666666666666
2019-01-25,36,0,34,True,False,False,5,0,9,0.04477611940298507,0.6046511627906976,1.0,0.725
2019-01-28,37,0,34,True,False,False,5,0,8,0.05970149253731343,0.6976744186046512,1.0,0.5813953488372093
2019-01-29,38,0,30,True,False,False,5,0,7,0.030303030303030304,0.8292682926829268,1.0,0.6410256410256411
2019-01-30,42,0,32,True,False,False,5,0,8,0.0136986301369863,0.6666666666666666,1.0,0.7222222222222222
2019-01-31,41,0,31,True,False,False,5,0,8,0.02857142857142857,0.6274509803921569,1.0,0.5365853658536586
2019-02-01,40,0,29,False,False,False,8,0,7,0.014705882352941176,0.5576923076923077,1.0,0.6216216216216216
2019-02-04,20,0,28,False,False,False,5,0,7,0.02127659574468085,0.4634146341463415,1.0,0.6764705882352942
2019-02-05,20,0,36,False,False,False,5,0,8,0.01818181818181818,0.9047619047619048,1.0,0.6842105263157895
2019-02-06,21,0,37,False,False,False,5,0,9,0.0,0.8636363636363636,1.0,0.7380952380952381
2019-02-07,24,0,34,False,False,False,6,0,9,0.0,0.7307692307692307,1.0,0.775
2019-02-08,27,0,33,False,False,False,6,0,8,0.01694915254237288,0.8888888888888888,1.0,0.8108108108108109
2019-02-11,29,0,35,False,False,False,6,0,10,0.015873015873015872,0.9310344827586207,1.0,0.8378378378378378
2019-02-12,32,0,31,False,False,False,6,0,8,0.016129032258064516,0.7428571428571429,1.0,0.8333333333333334
2019-02-13,36,0,27,False,False,False,9,0,7,0.03278688524590164,0.7435897435897436,1.0,0.6571428571428571
2019-02-14,41,0,22,False,False,False,10,0,6,0.016129032258064516,0.75,1.0,0.5806451612903226
2019-02-15,42,0,19,False,False,False,8,0,4,0.0,0.8043478260869565,1.0,0.5185185185185185
2019-02-19,40,0,19,False,False,False,7,0,4,0.0,0.7446808510638298,1.0,0.52
2019-02-20,32,0,19,False,False,False,6,0,4,0.02,0.7142857142857143,1.0,0.7272727272727273
2019-02-21,32,0,24,False,False,False,6,0,5,0.05660377358490566,0.8823529411764706,1.0,0.5925925925925926
2019-02-22,37,0,27,False,False,False,7,0,5,0.04918032786885246,0.8157894736842105,1.0,0.6451612903225806
2019-02-25,33,0,26,False,False,False,7,0,5,0.03508771929824561,0.75,1.0,0.4722222222222222
2019-02-26,34,0,33,False,False,False,7,0,7,0.015151515151515152,0.7631578947368421,1.0,0.6857142857142857
2019-02-27,35,0,37,False,False,False,7,0,7,0.02857142857142857,0.8648648648648649,1.0,0.627906976744186
2019-02-28,29,0,39,False,False,False,5,0,8,0.014925373134328358,0.6410256410256411,1.0,0.7674418604651163
2019-03-01,25,0,43,False,False,False,6,0,8,0.030303030303030304,0.5428571428571428,1.0,0.8222222222222222
2019-03-04,36,0,45,False,False,False,8,0,9,0.06578947368421052,0.525,1.0,0.7254901960784313
2019-03-05,39,1,47,False,False,False,10,1,10,0.023529411764705882,0.5306122448979592,0.0,0.6727272727272727
2019-03-06,41,1,40,False,False,False,10,1,10,0.025,0.7021276595744681,1.0,0.7058823529411765
2019-03-07,51,0,36,False,False,False,9,0,8,0.04819277108433735,0.6140350877192983,0.0,0.52
2019-03-08,24,0,36,False,False,False,5,0,8,0.05263157894736842,0.47058823529411764,1.0,0.8
2019-03-11,35,0,42,False,False,False,8,0,9,0.02666666666666667,0.5945945945945946,1.0,0.7333333333333333
2019-03-12,33,0,35,False,False,False,7,0,8,0.0625,0.8888888888888888,1.0,0.5714285714285714
2019-03-13,25,0,31,False,False,False,7,0,7,0.05660377358490566,0.7058823529411765,1.0,0.7368421052631579
2019-03-14,25,0,27,False,False,False,7,0,7,0.0196078431372549,0.8518518518518519,1.0,0.6571428571428571
2019-03-15,23,0,23,False,False,False,6,0,6,0.022222222222222223,0.92,1.0,0.6666666666666666
2019-03-18,23,0,27,False,False,False,6,0,7,0.0,0.6428571428571429,1.0,0.7857142857142857
2019-03-19,23,0,26,False,False,False,6,0,6,0.0,0.7037037037037037,1.0,0.8275862068965517
2019-03-20,16,0,33,False,False,False,5,0,8,0.020833333333333332,0.56,1.0,0.6388888888888888
2019-03-21,26,0,34,False,False,False,7,0,9,0.01694915254237288,0.5,1.0,0.717948717948718
2019-03-22,47,0,40,False,False,False,10,0,9,0.03571428571428571,0.4897959183673469,1.0,0.7619047619047619
2019-03-25,26,0,41,True,False,False,5,0,9,0.03076923076923077,0.5531914893617021,1.0,0.723404255319149
2019-03-26,27,0,44,True,False,False,5,0,10,0.04411764705882353,0.6060606060606061,1.0,0.7346938775510204
2019-03-27,43,0,42,False,False,False,10,0,9,0.0625,0.5217391304347826,1.0,0.8297872340425532
2019-03-28,50,0,50,False,False,False,10,0,10,0.05263157894736842,0.7547169811320755,1.0,0.6428571428571429
2019-03-29,32,0,23,True,False,True,5,0,5,0.0784313725490196,0.4909090909090909,1.0,0.46
2019-04-01,29,0,24,True,False,True,5,0,5,0.1276595744680851,0.5641025641025641,1.0,0.5666666666666667
2019-04-02,28,0,23,True,False,True,5,0,5,0.0851063829787234,0.6285714285714286,1.0,0.7407407407407407
2019-04-03,27,0,25,True,False,True,5,0,5,0.08333333333333333,0.7741935483870968,1.0,0.7777777777777778
2019-04-04,39,0,20,False,False,True,9,0,4,0.03508771929824561,0.5714285714285714,1.0,0.45161290322580644
2019-04-05,38,0,22,False,False,True,8,0,5,0.07142857142857142,0.8333333333333334,1.0,0.5
2019-04-08,29,1,48,False,False,False,9,1,10,0.13043478260869565,0.675,0.0,0.4583333333333333
2019-04-09,32,1,51,False,False,False,9,1,10,0.1506849315068493,0.90625,1.0,0.7068965517241379
2019-04-10,32,1,38,False,False,False,8,1,9,0.12698412698412698,0.8823529411764706,1.0,0.6792452830188679
2019-04-11,31,0,36,False,False,False,8,0,8,0.08064516129032258,0.8529411764705882,0.0,0.6444444444444445
2019-04-12,24,0,40,False,False,False,7,0,8,0.10344827586206896,0.5714285714285714,1.0,0.49019607843137253
2019-04-15,23,0,40,False,False,False,7,0,8,0.125,0.8076923076923077,1.0,0.6326530612244898
2019-04-16,24,0,40,False,False,False,6,0,7,0.12280701754385964,0.6785714285714286,1.0,0.6326530612244898
2019-04-17,30,0,41,False,False,False,7,0,8,0.109375,0.7419354838709677,1.0,0.8409090909090909
2019-04-18,29,0,41,False,False,False,8,0,9,0.12903225806451613,0.6857142857142857,1.0,0.9523809523809523
2019-04-22,13,1,39,False,False,False,4,1,9,0.1276595744680851,0.4,0.0,0.8181818181818182
2019-04-23,11,1,38,False,False,False,3,1,9,0.1111111111111111,0.6,1.0,0.6382978723404256
2019-04-24,12,1,37,False,False,False,4,1,9,0.1111111111111111,0.6428571428571429,1.0,0.8292682926829268
2019-04-25,9,1,32,False,False,False,3,1,9,0.10526315789473684,0.75,1.0,0.6829268292682927
2019-04-26,9,1,31,False,False,False,4,1,9,0.05128205128205128,0.6363636363636364,1.0,0.7027027027027027
2019-04-29,9,1,30,False,False,False,4,1,9,0.0,0.8,1.0,0.8484848484848485
2019-04-30,7,3,32,False,False,False,2,1,9,0.07692307692307693,0.45454545454545453,0.3333333333333333,0.7222222222222222
2019-05-01,8,2,28,False,False,False,3,1,7,0.05555555555555555,0.6666666666666666,0.25,0.8181818181818182
2019-05-02,8,2,37,False,False,False,2,1,8,0.044444444444444446,0.7777777777777778,1.0,0.7105263157894737
2019-05-03,11,1,35,False,False,False,2,1,8,0.021739130434782608,0.7272727272727273,0.5,0.7142857142857143
2019-05-06,11,1,26,False,False,False,2,1,6,0.02702702702702703,1.0,1.0,0.6052631578947368
2019-05-07,15,1,27,False,False,False,3,1,5,0.023809523809523808,0.7333333333333333,1.0,0.5142857142857142
2019-05-08,11,1,28,False,False,False,2,1,5,0.02564102564102564,0.625,1.0,0.6176470588235294
2019-05-09,16,1,33,False,False,False,4,1,6,0.041666666666666664,0.6875,1.0,0.6944444444444444
2019-05-10,16,1,36,False,False,False,4,1,6,0.019230769230769232,0.5238095238095238,1.0,0.8157894736842105
2019-05-13,34,0,44,False,False,False,7,0,9,0.05405405405405406,0.3888888888888889,0.0,0.7391304347826086
2019-05-14,37,0,40,False,False,False,9,0,8,0.08450704225352113,0.8205128205128205,1.0,0.7872340425531915
2019-05-15,36,0,42,False,False,False,7,0,9,0.08333333333333333,0.7804878048780488,1.0,0.7446808510638298
2019-05-16,50,0,38,False,False,False,9,0,8,0.060240963855421686,0.6226415094339622,1.0,0.6326530612244898
2019-05-17,58,0,37,False,False,False,10,0,8,0.09195402298850575,0.8305084745762712,1.0,0.875
2019-05-20,59,0,39,False,False,False,9,0,9,0.10112359550561797,0.6956521739130435,1.0,0.7674418604651163
2019-05-21,41,0,37,True,False,False,5,0,9,0.05405405405405406,0.6129032258064516,1.0,0.9487179487179487
2019-05-22,48,0,32,False,False,False,10,0,8,0.03896103896103896,0.6181818181818182,1.0,0.7692307692307693
2019-05-23,34,0,31,True,False,False,5,0,8,0.06557377049180328,0.4909090909090909,1.0,0.7027027027027027
2019-05-24,34,0,30,True,False,False,5,0,7,0.04918032786885246,0.6190476190476191,1.0,0.6486486486486487
2019-05-28,36,0,34,True,False,False,5,0,7,0.07692307692307693,0.7948717948717948,1.0,0.6842105263157895
2019-05-29,35,0,31,True,False,False,5,0,5,0.08196721311475409,0.6511627906976745,1.0,0.7567567567567568
2019-05-30,36,0,31,True,False,False,5,0,5,0.06349206349206349,0.6511627906976745,1.0,0.7714285714285715
2019-05-31,36,0,28,True,False,False,5,0,6,0.0847457627118644,0.7142857142857143,1.0,0.7878787878787878
2019-06-03,38,0,31,True,False,False,5,0,6,0.06153846153846154,0.7209302325581395,1.0,0.6388888888888888
2019-06-04,34,0,24,True,False,False,5,0,5,0.05454545454545454,0.6,1.0,0.6666666666666666
2019-06-05,33,0,21,True,False,False,5,0,4,0.058823529411764705,0.717948717948718,1.0,0.5517241379310345
2019-06-06,36,0,24,True,False,False,5,0,5,0.034482758620689655,0.8157894736842105,1.0,0.6071428571428571
2019-06-07,36,0,27,True,False,False,5,0,6,0.03278688524590164,0.7142857142857143,1.0,0.59375
2019-06-10,34,0,30,True,False,False,5,0,9,0.04918032786885246,0.6666666666666666,1.0,0.5833333333333334
2019-06-11,58,0,33,False,False,False,10,0,9,0.011111111111111112,0.4838709677419355,1.0,0.7027027027027027
2019-06-12,38,0,34,True,False,False,5,0,8,0.043478260869565216,0.5737704918032787,1.0,0.717948717948718
2019-06-13,36,0,33,True,False,False,5,0,8,0.045454545454545456,0.8048780487804879,1.0,0.8108108108108109
2019-06-14,35,0,32,True,False,False,5,0,8,0.03076923076923077,0.775,1.0,0.7567567567567568
2019-06-17,36,0,26,True,False,False,5,0,7,0.0,0.6511627906976745,1.0,0.7058823529411765
2019-06-18,39,1,27,True,False,False,5,1,7,0.046875,0.6666666666666666,0.0,0.7096774193548387
2019-06-19,38,0,26,True,False,False,5,0,6,0.03225806451612903,0.8333333333333334,0.0,0.8928571428571429
2019-06-20,43,0,19,True,False,False,5,0,5,0.0,0.8,1.0,0.7307692307692307
2019-06-21,41,1,20,True,False,False,5,1,5,0.01639344262295082,0.68,0.0,0.6956521739130435
2019-06-24,40,0,16,True,False,False,5,0,4,0.01818181818181818,0.8,0.0,0.8
2019-06-25,39,1,13,True,False,False,5,1,4,0.019230769230769232,0.717391304347826,0.0,0.8125
2019-06-26,53,2,16,False,False,False,9,1,4,0.028985507246376812,0.559322033898305,0.5,0.7058823529411765
2019-06-27,52,2,15,False,False,False,10,1,4,0.014705882352941176,0.8421052631578947,1.0,0.8235294117647058
2019-06-28,39,1,20,False,False,False,5,1,5,0.034482758620689655,0.6545454545454545,0.5,0.5217391304347826
2019-07-01,38,1,23,False,False,False,6,1,6,0.05084745762711865,0.7906976744186046,1.0,0.72
2019-07-02,25,2,25,False,False,False,4,2,7,0.061224489795918366,0.6153846153846154,0.5,0.7142857142857143
2019-07-03,25,2,22,False,False,False,4,2,7,0.0425531914893617,0.7241379310344828,1.0,0.8076923076923077
2019-07-05,23,2,24,False,False,False,4,2,7,0.020833333333333332,0.8461538461538461,1.0,0.7692307692307693
2019-07-08,25,2,23,False,False,False,4,2,6,0.041666666666666664,0.6551724137931034,1.0,0.6206896551724138
2019-07-09,25,2,32,False,False,False,4,2,6,0.03508771929824561,0.7241379310344828,1.0,0.4473684210526316
2019-07-10,23,1,27,False,False,False,4,1,6,0.02,0.7777777777777778,0.5,0.6857142857142857
2019-07-11,22,1,22,False,False,False,4,1,6,0.022727272727272728,0.7307692307692307,1.0,0.75
2019-07-12,20,1,19,False,False,False,4,1,6,0.02564102564102564,0.9090909090909091,1.0,0.7083333333333334
2019-07-15,17,0,23,False,False,False,3,0,6,0.0,0.85,0.0,0.75
2019-07-16,19,0,26,False,False,False,4,0,6,0.022727272727272728,0.8947368421052632,1.0,0.6333333333333333
2019-07-17,21,0,27,False,False,False,4,0,7,0.043478260869565216,0.7391304347826086,1.0,0.7096774193548387
2019-07-18,21,0,32,False,False,False,4,0,7,0.019230769230769232,0.8260869565217391,1.0,0.7878787878787878
2019-07-19,17,2,36,False,False,False,3,1,8,0.0,0.7272727272727273,0.0,0.8378378378378378
2019-07-22,23,0,39,False,False,False,5,0,7,0.03333333333333333,0.7391304347826086,0.0,0.7441860465116279
2019-07-23,25,0,34,False,False,False,5,0,7,0.017241379310344827,0.6,1.0,0.7804878048780488
2019-07-24,18,1,32,False,False,False,4,1,7,0.0,0.5357142857142857,0.0,0.8857142857142857
2019-07-25,13,1,35,False,False,False,3,1,8,0.020833333333333332,0.631578947368421,1.0,0.717948717948718
2019-07-26,13,1,30,False,False,False,3,1,8,0.0,0.7333333333333333,1.0,0.8055555555555556
2019-07-29,13,1,26,False,False,False,3,1,8,0.0,0.8571428571428571,1.0,0.6470588235294118
2019-07-30,10,0,34,False,False,False,3,0,8,0.0,0.7692307692307693,0.0,0.7142857142857143
2019-07-31,15,0,33,False,False,False,3,0,8,0.02127659574468085,0.47058823529411764,1.0,0.8611111111111112
2019-08-01,13,1,29,False,False,False,3,1,6,0.04878048780487805,0.75,0.0,0.631578947368421
2019-08-02,18,1,32,False,False,False,5,1,6,0.04081632653061224,0.7222222222222222,1.0,0.6944444444444444
2019-08-05,36,0,30,False,False,False,9,0,6,0.08196721311475409,0.38461538461538464,0.0,0.34782608695652173
2019-08-06,45,0,47,False,False,False,10,0,10,0.06976744186046512,0.8,1.0,0.5714285714285714
2019-08-07,41,0,50,False,False,False,9,0,10,0.0963855421686747,0.72,1.0,0.7321428571428571
2019-08-08,29,0,55,True,False,False,5,0,10,0.07692307692307693,0.5555555555555556,1.0,0.7213114754098361
2019-08-09,28,0,49,True,False,False,5,0,10,0.0547945205479452,0.78125,1.0,0.7333333333333333
2019-08-12,28,0,48,True,False,False,5,0,10,0.05555555555555555,0.8666666666666667,1.0,0.7636363636363637
2019-08-13,30,0,46,True,False,False,5,0,9,0.05555555555555555,0.7058823529411765,1.0,0.7735849056603774
2019-08-14,31,0,43,True,False,False,5,0,9,0.07246376811594203,0.6486486486486487,1.0,0.8163265306122449
2019-08-15,31,0,43,True,False,False,5,0,8,0.08823529411764706,0.7222222222222222,1.0,0.7916666666666666
2019-08-16,33,0,40,True,False,False,5,0,8,0.10606060606060606,0.6410256410256411,1.0,0.8043478260869565
2019-08-19,32,0,40,True,False,False,5,0,7,0.1076923076923077,0.6666666666666666,1.0,0.7021276595744681
2019-08-20,41,0,37,True,False,False,5,0,7,0.08333333333333333,0.5869565217391305,1.0,0.7111111111111111
2019-08-21,34,0,39,True,False,False,5,0,8,0.07352941176470588,0.5957446808510638,1.0,0.6521739130434783
2019-08-22,38,0,37,True,False,False,5,0,9,0.08695652173913043,0.5652173913043478,1.0,0.7674418604651163
2019-08-23,32,0,31,True,False,False,5,0,7,0.05,0.5555555555555556,1.0,0.7
2019-08-26,33,0,31,True,False,False,5,0,6,0.06666666666666667,0.7567567567567568,1.0,0.6756756756756757
2019-08-27,31,0,34,True,False,False,5,0,8,0.04838709677419355,0.6,1.0,0.7567567567567568
2019-08-28,36,0,32,True,False,False,5,0,8,0.046153846153846156,0.5227272727272727,1.0,0.7837837837837838
2019-08-29,28,0,35,True,False,False,5,0,8,0.06779661016949153,0.5238095238095238,1.0,0.717948717948718
2019-08-30,28,0,32,True,False,False,5,0,7,0.07142857142857142,0.8064516129032258,1.0,0.7631578947368421
2019-09-03,33,0,32,True,False,False,5,0,7,0.04838709677419355,0.5641025641025641,1.0,0.7297297297297297
2019-09-04,33,0,33,True,False,False,5,0,7,0.03125,0.8857142857142857,1.0,0.625
2019-09-05,36,0,35,True,False,False,5,0,7,0.028985507246376812,0.6829268292682927,1.0,0.7894736842105263
2019-09-06,36,0,39,True,False,False,5,0,7,0.0273972602739726,0.6744186046511628,1.0,0.6818181818181818
2019-09-09,39,0,29,True,False,False,5,0,7,0.030303030303030304,0.6666666666666666,1.0,0.7435897435897436
2019-09-10,40,0,28,True,False,False,5,0,6,0.046153846153846156,0.7555555555555555,1.0,0.6764705882352942
2019-09-11,37,0,27,True,False,False,5,0,7,0.03225806451612903,0.75,1.0,0.6176470588235294
2019-09-12,36,0,28,True,False,False,5,0,6,0.0,0.6222222222222222,1.0,0.71875
2019-09-13,33,0,31,True,False,False,5,0,6,0.0,0.6829268292682927,1.0,0.7878787878787878
2019-09-16,32,0,34,True,False,False,5,0,7,0.0,0.625,1.0,0.6666666666666666
2019-09-17,32,0,36,True,False,False,5,0,6,0.030303030303030304,0.7777777777777778,1.0,0.7073170731707317
2019-09-18,33,0,30,True,False,False,5,0,6,0.08620689655172414,0.6666666666666666,1.0,0.6923076923076923
2019-09-19,32,2,22,True,False,False,5,1,5,0.07692307692307693,0.7105263157894737,0.0,0.4857142857142857
2019-09-20,32,1,22,True,False,False,5,1,5,0.0784313725490196,0.9393939393939394,0.5,0.5172413793103449
2019-09-23,44,8,24,False,False,False,9,4,8,0.08571428571428572,0.5510204081632653,0.125,0.6428571428571429
2019-09-24,33,10,35,True,False,False,5,6,9,0.11428571428571428,0.6041666666666666,0.8,0.5945945945945946
2019-09-25,49,10,33,False,False,False,10,6,9,0.12195121951219512,0.6078431372549019,1.0,0.7894736842105263
2019-09-26,46,9,40,False,False,False,9,5,10,0.13095238095238096,0.8627450980392157,0.9,0.7804878048780488
2019-09-27,36,11,35,False,False,False,7,5,10,0.09333333333333334,0.7446808510638298,0.8181818181818182,0.7441860465116279
2019-09-30,31,11,39,False,False,False,7,5,10,0.06578947368421052,0.8611111111111112,0.8333333333333334,0.8048780487804879
2019-10-01,31,2,28,False,False,True,7,1,5,0.07017543859649122,0.631578947368421,0.18181818181818182,0.5581395348837209
2019-10-02,47,2,42,False,False,False,9,1,10,0.07058823529411765,0.625,1.0,0.4583333333333333
2019-10-03,36,2,36,False,False,False,7,1,8,0.04225352112676056,0.66,1.0,0.6595744680851063
2019-10-04,40,0,40,False,False,False,7,0,10,0.03896103896103896,0.8095238095238095,0.0,0.7674418604651163
2019-10-07,42,0,24,False,False,True,7,0,5,0.047619047619047616,0.7446808510638298,1.0,0.5238095238095238
2019-10-08,35,0,35,True,False,False,5,0,7,0.029411764705882353,0.75,1.0,0.5945945945945946
2019-10-09,38,0,36,True,False,False,5,0,7,0.027777777777777776,0.825,1.0,0.6511627906976745
2019-10-10,40,0,32,True,False,False,5,0,6,0.043478260869565216,0.7727272727272727,1.0,0.6585365853658537
2019-10-11,35,0,29,True,False,False,5,0,7,0.03225806451612903,0.7045454545454546,1.0,0.6944444444444444
2019-10-14,36,0,30,True,False,False,5,0,7,0.047619047619047616,0.775,1.0,0.84375
2019-10-15,33,0,34,True,False,False,5,0,7,0.06349206349206349,0.725,1.0,0.6
2019-10-16,34,0,36,True,False,False,5,0,7,0.1111111111111111,0.8108108108108109,1.0,0.627906976744186
2019-10-17,35,0,46,True,False,False,5,0,9,0.1095890410958904,0.8648648648648649,1.0,0.5769230769230769
2019-10-18,39,0,46,True,False,False,5,0,8,0.08974358974358974,0.7619047619047619,1.0,0.7358490566037735
2019-10-21,34,0,52,True,False,False,5,0,9,0.075,0.825,1.0,0.7818181818181819
2019-10-22,33,0,50,True,False,False,5,0,9,0.0641025641025641,0.7631578947368421,1.0,0.7894736842105263
2019-10-23,34,0,53,True,False,False,5,0,10,0.0875,0.6341463414634146,1.0,0.6612903225806451
2019-10-24,32,0,28,True,False,True,5,0,5,0.034482758620689655,0.7837837837837838,1.0,0.3728813559322034
2019-10-25,28,0,29,True,False,True,5,0,5,0.03636363636363636,0.6666666666666666,1.0,0.7272727272727273
2019-10-28,29,0,27,True,False,True,5,0,5,0.01818181818181818,0.5405405405405406,1.0,0.696969696969697
2019-10-29,51,0,51,False,False,False,10,0,10,0.05154639175257732,0.48148148148148145,1.0,0.4716981132075472
2019-10-30,33,0,45,False,False,False,7,0,8,0.02631578947368421,0.5849056603773585,1.0,0.5483870967741935
2019-10-31,33,0,41,False,False,False,6,0,9,0.04225352112676056,0.8333333333333334,1.0,0.72
2019-11-01,31,0,36,False,False,False,6,0,8,0.03076923076923077,0.7777777777777778,1.0,0.75
2019-11-04,27,0,39,False,False,False,7,0,8,0.03125,0.7058823529411765,1.0,0.7441860465116279
2019-11-05,16,1,48,False,False,False,4,1,10,0.031746031746031744,0.5357142857142857,0.0,0.6415094339622641
2019-11-06,19,3,46,False,False,False,5,2,10,0.046153846153846156,0.8421052631578947,0.3333333333333333,0.7407407407407407
2019-11-07,21,6,40,False,False,False,4,3,9,0.03076923076923077,0.7391304347826086,0.5,0.5636363636363636
2019-11-08,14,1,35,False,False,False,3,1,8,0.0,0.6666666666666666,0.16666666666666666,0.8292682926829268
2019-11-11,13,1,35,False,False,False,4,1,7,0.0,0.6875,0.0,0.6666666666666666
2019-11-12,20,5,34,False,False,False,6,2,7,0.0,0.5714285714285714,0.0,0.7692307692307693
2019-11-13,22,6,32,False,False,False,6,2,7,0.0,0.9090909090909091,0.5714285714285714,0.8857142857142857
2019-11-14,24,6,22,False,False,False,6,2,5,0.0,0.9166666666666666,1.0,0.42105263157894735
2019-11-15,20,4,20,False,False,False,6,2,4,0.023255813953488372,0.76,0.42857142857142855,0.68
2019-11-18,17,4,18,False,False,False,5,2,5,0.0,0.7619047619047619,0.3333333333333333,0.6521739130434783
2019-11-19,18,7,19,False,False,False,5,3,5,0.0,0.8421052631578947,0.5714285714285714,0.5416666666666666
2019-11-20,18,10,23,False,False,False,5,3,6,0.0,0.8947368421052632,0.5454545454545454,0.5555555555555556
2019-11-21,21,9,23,False,False,False,5,4,6,0.0,0.8571428571428571,0.7272727272727273,0.7037037037037037
2019-11-22,21,9,28,False,False,False,5,4,6,0.03571428571428571,0.8260869565217391,0.6363636363636364,0.5
2019-11-25,23,10,31,False,False,False,5,4,8,0.03225806451612903,0.8333333333333334,0.7272727272727273,0.6857142857142857
2019-11-26,23,11,25,False,False,False,5,4,7,0.03508771929824561,0.84,0.9090909090909091,0.75
2019-11-27,28,13,27,False,False,False,6,4,7,0.0625,0.7586206896551724,0.6,0.5294117647058824
2019-11-29,32,13,27,False,False,False,8,4,6,0.058823529411764705,0.875,0.8571428571428571,0.5882352941176471
2019-12-02,23,12,30,False,False,False,5,5,7,0.031746031746031744,0.6666666666666666,0.7857142857142857,0.5405405405405406
2019-12-03,22,2,33,False,False,False,5,2,7,0.07547169811320754,0.5,0.16666666666666666,0.4318181818181818
2019-12-04,15,1,39,False,False,False,3,1,9,0.0784313725490196,0.6086956521739131,0.5,0.7142857142857143
2019-12-05,18,1,40,False,False,False,4,1,7,0.07272727272727272,0.8333333333333334,1.0,0.7555555555555555
2019-12-06,24,0,47,False,False,False,5,0,9,0.05970149253731343,0.5555555555555556,0.0,0.7058823529411765
2019-12-09,23,0,54,False,False,False,6,0,10,0.0547945205479452,0.6206896551724138,1.0,0.7719298245614035
2019-12-10,26,1,54,False,False,False,6,1,9,0.038461538461538464,0.8148148148148148,0.0,0.7419354838709677
2019-12-11,29,1,27,False,False,True,6,1,5,0.05555555555555555,0.8333333333333334,1.0,0.5
2019-12-12,32,0,24,False,False,True,7,0,5,0.05660377358490566,0.6486486486486487,0.0,0.6451612903225806
2019-12-13,29,0,22,False,False,True,6,0,5,0.0625,0.7941176470588235,1.0,0.7037037037037037
2019-12-16,27,0,23,False,False,True,6,0,5,0.06382978723404255,0.696969696969697,1.0,0.7307692307692307
2019-12-17,33,0,22,False,False,True,7,0,4,0.03773584905660377,0.7142857142857143,1.0,0.875
2019-12-18,35,0,26,False,False,True,7,0,4,0.016666666666666666,0.7894736842105263,1.0,0.5483870967741935
2019-12-19,31,0,51,False,False,False,6,0,9,0.0379746835443038,0.7837837837837838,1.0,0.42592592592592593
2019-12-20,29,0,51,False,False,False,6,0,10,0.05263157894736842,0.875,1.0,0.7586206896551724
2019-12-23,28,0,54,False,False,False,6,0,10,0.07894736842105263,0.9,1.0,0.6666666666666666
2019-12-24,33,0,51,False,False,False,6,0,9,0.09090909090909091,0.7941176470588235,1.0,0.7796610169491526
2019-12-26,28,0,44,False,False,False,7,0,9,0.07462686567164178,0.7941176470588235,1.0,0.6964285714285714
2019-12-27,31,0,45,False,False,False,7,0,7,0.11764705882352941,0.9032258064516129,1.0,0.78
2019-12-30,31,0,49,False,False,False,8,0,7,0.1267605633802817,0.9375,1.0,0.7090909090909091
2019-12-31,32,0,41,False,False,False,8,0,7,0.08955223880597014,0.6578947368421053,1.0,0.6666666666666666
2020-01-02,24,2,38,False,False,False,6,2,7,0.04918032786885246,0.47368421052631576,0.0,0.6458333333333334
2020-01-03,39,2,37,False,False,False,8,2,7,0.04,0.5365853658536586,1.0,0.6666666666666666
2020-01-06,39,2,32,False,False,False,9,2,6,0.028169014084507043,0.7727272727272727,1.0,0.6046511627906976
2020-01-07,25,2,33,False,False,False,8,2,6,0.034482758620689655,0.6410256410256411,1.0,0.7105263157894737
2020-01-08,20,3,31,False,False,False,6,2,5,0.018867924528301886,0.6666666666666666,0.6666666666666666,0.6
2020-01-09,29,2,29,False,False,False,7,1,6,0.034482758620689655,0.6896551724137931,0.6666666666666666,0.7142857142857143
2020-01-10,30,1,32,False,False,False,6,1,8,0.05,0.6388888888888888,0.0,0.6486486486486487
2020-01-13,26,0,34,False,False,False,5,0,8,0.05263157894736842,0.4358974358974359,0.0,0.8333333333333334
2020-01-14,24,0,34,False,False,False,4,0,8,0.03571428571428571,0.6129032258064516,1.0,0.7435897435897436
2020-01-15,24,0,33,False,False,False,4,0,7,0.03636363636363636,0.7777777777777778,1.0,0.6341463414634146
2020-01-16,33,0,36,False,False,False,5,0,8,0.09523809523809523,0.6285714285714286,1.0,0.5333333333333333
2020-01-17,28,0,37,False,False,False,5,0,10,0.04838709677419355,0.7428571428571429,1.0,0.5531914893617021
2020-01-21,32,0,39,False,False,False,7,0,8,0.04411764705882353,0.6666666666666666,1.0,0.6521739130434783
2020-01-22,36,0,42,False,False,False,7,0,9,0.05405405405405406,0.5454545454545454,1.0,0.6875
2020-01-23,35,0,45,False,False,False,8,0,9,0.06666666666666667,0.8205128205128205,1.0,0.74
2020-01-24,35,0,45,False,False,False,8,0,9,0.05263157894736842,0.75,1.0,0.9148936170212766
2020-01-27,59,0,49,False,False,False,10,0,10,0.08,0.5161290322580645,1.0,0.7407407407407407
2020-01-28,33,1,48,True,False,False,5,1,9,0.05128205128205128,0.559322033898305,0.0,0.8653846153846154
2020-01-29,28,1,45,True,False,False,5,1,10,0.05714285714285714,0.6052631578947368,1.0,0.7547169811320755
2020-01-30,45,0,44,False,False,False,9,0,9,0.03488372093023256,0.40384615384615385,0.0,0.8541666666666666
2020-01-31,28,0,43,True,False,False,5,0,8,0.028985507246376812,0.46,1.0,0.7755102040816326
2020-02-03,27,0,34,True,False,False,5,0,7,0.08928571428571429,0.5277777777777778,1.0,0.6041666666666666
2020-02-04,27,0,33,True,False,False,5,0,6,0.05263157894736842,0.6363636363636364,1.0,0.5952380952380952
2020-02-05,28,0,40,True,False,False,5,0,6,0.046153846153846156,0.5277777777777778,1.0,0.5869565217391305
2020-02-06,27,0,42,True,False,False,5,0,7,0.014705882352941176,0.71875,1.0,0.673469387755102
2020-02-07,27,0,46,True,False,False,5,0,9,0.028169014084507043,0.7419354838709677,1.0,0.6923076923076923
2020-02-10,27,0,50,True,False,False,5,0,9,0.0,0.7419354838709677,1.0,0.7142857142857143
2020-02-11,26,0,45,True,False,False,5,0,8,0.014285714285714285,0.6060606060606061,1.0,0.7592592592592593
2020-02-12,27,0,42,True,False,False,5,0,9,0.0,0.7096774193548387,1.0,0.8913043478260869
2020-02-13,25,0,40,True,False,False,5,0,8,0.0,0.8571428571428571,1.0,0.673469387755102
2020-02-14,47,0,44,False,False,False,10,0,9,0.011111111111111112,0.44,1.0,0.8260869565217391
2020-02-18,45,0,43,False,False,False,10,0,9,0.0,0.8775510204081632,1.0,0.7755102040816326
2020-02-19,40,0,43,False,False,False,10,0,9,0.0,0.8085106382978723,1.0,0.8297872340425532
2020-02-20,36,0,42,False,False,False,9,0,9,0.012987012987012988,0.8536585365853658,1.0,0.7
2020-02-21,39,0,41,False,False,False,9,0,8,0.0,0.7857142857142857,1.0,0.66
2020-02-24,29,0,40,True,False,False,5,0,9,0.014705882352941176,0.4782608695652174,1.0,0.6875
2020-02-25,29,0,41,True,False,False,5,0,8,0.029411764705882353,0.5675675675675675,1.0,0.6530612244897959
2020-02-26,34,0,35,True,False,False,5,0,8,0.014705882352941176,0.75,1.0,0.5833333333333334
2020-02-27,34,0,42,True,False,False,5,0,8,0.02702702702702703,0.5813953488372093,1.0,0.54
2020-02-28,39,0,48,True,False,False,5,0,8,0.0875,0.46,1.0,0.5254237288135594
2020-03-02,40,0,41,True,False,False,5,0,9,0.08,0.6458333333333334,1.0,0.78
2020-03-03,40,0,51,True,False,False,5,0,10,0.07058823529411765,0.6,1.0,0.6727272727272727
2020-03-04,40,0,52,True,False,False,5,0,9,0.033707865168539325,0.5094339622641509,1.0,0.8070175438596491
2020-03-05,39,0,56,True,False,False,5,0,10,0.04395604395604396,0.6122448979591837,1.0,0.8
2020-03-06,37,0,22,True,False,True,5,0,4,0.03508771929824561,0.6521739130434783,1.0,0.3448275862068966
2020-03-09,40,0,24,True,False,True,5,0,4,0.03225806451612903,0.5098039215686274,1.0,0.3939393939393939
2020-03-10,40,0,27,True,False,True,5,0,5,0.015151515151515152,0.6326530612244898,1.0,0.5
2020-03-11,41,0,29,True,False,True,5,0,5,0.029411764705882353,0.6875,1.0,0.5555555555555556
2020-03-12,34,0,26,True,False,True,5,0,5,0.05263157894736842,0.5957446808510638,1.0,0.71875
2020-03-13,35,0,25,True,False,True,5,0,4,0.034482758620689655,0.5681818181818182,1.0,0.7
2020-03-16,34,0,31,True,False,True,5,0,5,0.015625,0.6046511627906976,1.0,0.6470588235294118
2020-03-17,39,0,31,True,False,True,5,0,5,0.014492753623188406,0.5869565217391305,1.0,0.7714285714285715
2020-03-18,40,0,31,True,False,True,5,0,5,0.014285714285714285,0.6122448979591837,1.0,0.631578947368421
2020-03-19,42,0,30,True,False,True,5,0,5,0.02857142857142857,0.5471698113207547,1.0,0.6486486486486487
2020-03-20,41,0,38,True,False,True,5,0,5,0.039473684210526314,0.66,1.0,0.5813953488372093
2020-03-23,40,0,35,True,False,True,5,0,5,0.056338028169014086,0.62,1.0,0.6590909090909091
2020-03-24,38,0,34,True,False,True,5,0,5,0.058823529411764705,0.6595744680851063,1.0,0.725
2020-03-25,38,0,31,True,False,True,5,0,5,0.045454545454545456,0.6521739130434783,1.0,0.625
2020-03-26,37,0,32,True,False,True,5,0,5,0.045454545454545456,0.9230769230769231,1.0,0.6153846153846154
2020-03-27,36,0,36,True,False,True,5,0,5,0.058823529411764705,0.825,1.0,0.7
2020-03-30,36,0,37,True,False,True,5,0,5,0.08955223880597014,0.8,1.0,0.8717948717948718
2020-03-31,36,0,35,True,False,True,5,0,5,0.09230769230769231,0.9459459459459459,1.0,0.7142857142857143
2020-04-01,34,0,32,True,False,True,5,0,5,0.047619047619047616,0.8421052631578947,1.0,0.717948717948718
2020-04-02,33,0,33,True,False,True,5,0,5,0.047619047619047616,0.9705882352941176,1.0,0.7105263157894737
2020-04-03,32,0,31,True,False,True,5,0,5,0.06779661016949153,0.9117647058823529,1.0,0.6410256410256411
2020-04-06,34,0,29,True,False,True,5,0,5,0.08620689655172414,0.65,1.0,0.7142857142857143
2020-04-07,34,0,28,True,False,True,5,0,5,0.08771929824561403,0.7435897435897436,1.0,0.5
2020-04-08,36,0,30,True,False,True,5,0,5,0.03125,0.7948717948717948,1.0,0.6111111111111112
2020-04-09,36,0,32,True,False,True,5,0,5,0.030303030303030304,0.7560975609756098,1.0,0.6756756756756757
2020-04-13,36,0,30,True,False,True,5,0,5,0.03125,0.6744186046511628,1.0,0.7714285714285715
2020-04-14,43,0,34,True,False,True,5,0,5,0.02666666666666667,0.717391304347826,1.0,0.4222222222222222
2020-04-15,42,0,33,True,False,True,5,0,5,0.0273972602739726,0.7,1.0,0.5952380952380952
2020-04-16,38,0,32,True,False,True,5,0,5,0.04477611940298507,0.8181818181818182,1.0,0.5853658536585366
2020-04-17,40,0,31,True,False,True,5,0,5,0.04411764705882353,0.625,1.0,0.575
2020-04-20,41,0,31,True,False,True,5,0,5,0.058823529411764705,0.6875,1.0,0.5897435897435898
2020-04-21,37,0,27,True,False,True,5,0,5,0.06666666666666667,0.5294117647058824,1.0,0.5263157894736842
2020-04-22,40,0,34,True,False,True,5,0,5,0.04225352112676056,0.75,1.0,0.6944444444444444
2020-04-23,38,0,35,True,False,True,5,0,5,0.04285714285714286,0.813953488372093,1.0,0.725
2020-04-24,36,0,34,True,False,True,5,0,5,0.04477611940298507,0.7619047619047619,1.0,0.5681818181818182
2020-04-27,40,0,31,True,False,True,5,0,5,0.028985507246376812,0.6888888888888889,1.0,0.625
2020-04-28,41,0,34,True,False,True,5,0,5,0.041666666666666664,0.8,1.0,0.7567567567567568
2020-04-29,43,0,30,True,False,True,5,0,5,0.04285714285714286,0.7872340425531915,1.0,0.5609756097560976
2020-04-30,42,0,29,True,False,True,5,0,4,0.04411764705882353,0.8085106382978723,1.0,0.5128205128205128
2020-05-01,47,0,27,True,False,True,5,0,4,0.0136986301369863,0.8163265306122449,1.0,0.6
2020-05-04,45,0,25,True,False,True,5,0,4,0.029411764705882353,0.84,1.0,0.6774193548387096
2020-05-05,44,0,39,True,False,False,5,0,7,0.07792207792207792,0.7450980392156863,1.0,0.4883720930232558
2020-05-06,42,0,38,True,False,False,5,0,7,0.08108108108108109,0.8695652173913043,1.0,0.6382978723404256
2020-05-07,44,0,31,True,False,False,5,0,7,0.07142857142857142,0.7551020408163265,1.0,0.7692307692307693
2020-05-08,47,1,34,True,False,False,5,1,7,0.09333333333333334,0.5964912280701754,0.0,0.6666666666666666
2020-05-11,45,2,35,True,False,False,5,2,6,0.09333333333333334,0.7358490566037735,0.5,0.6829268292682927
2020-05-12,38,2,44,True,False,False,5,2,7,0.10526315789473684,0.6274509803921569,0.3333333333333333,0.7555555555555555
2020-05-13,40,1,37,True,False,False,5,1,6,0.08333333333333333,0.625,0.5,0.6530612244897959
2020-05-14,39,1,35,True,False,False,5,1,6,0.07142857142857142,0.717391304347826,1.0,0.6744186046511628
2020-05-15,31,0,32,True,False,False,5,0,5,0.06779661016949153,0.627906976744186,0.0,0.717948717948718
2020-05-18,34,0,32,True,False,False,5,0,6,0.03125,0.7567567567567568,1.0,0.6842105263157895
2020-05-19,36,0,29,True,False,False,5,0,5,0.031746031746031744,0.6666666666666666,1.0,0.7428571428571429
2020-05-20,36,0,34,True,False,False,5,0,5,0.029411764705882353,0.7560975609756098,1.0,0.575
2020-05-21,31,0,41,True,False,False,5,0,7,0.02857142857142857,0.6341463414634146,1.0,0.6304347826086957
2020-05-22,32,0,47,True,False,False,5,0,8,0.01282051282051282,0.8,1.0,0.6923076923076923
2020-05-26,34,0,46,True,False,False,5,0,9,0.03896103896103896,0.5714285714285714,1.0,0.6909090909090909
2020-05-27,35,0,47,True,False,False,5,0,10,0.012345679012345678,0.6829268292682927,1.0,0.7222222222222222
2020-05-28,35,0,51,True,False,False,5,0,10,0.011764705882352941,0.6666666666666666,1.0,0.7818181818181819
2020-05-29,39,0,29,True,False,True,5,0,5,0.014925373134328358,0.6818181818181818,1.0,0.45454545454545453
2020-06-01,37,0,51,True,False,False,5,0,10,0.03529411764705882,0.8536585365853658,1.0,0.5094339622641509
2020-06-02,36,0,52,True,False,False,5,0,10,0.03529411764705882,0.6976744186046512,1.0,0.6885245901639344
2020-06-03,38,0,28,True,False,True,5,0,5,0.015384615384615385,0.8974358974358975,1.0,0.42857142857142855
2020-06-04,41,0,28,True,False,True,5,0,5,0.06153846153846154,0.717391304347826,1.0,0.696969696969697
2020-06-05,41,0,31,True,False,True,5,0,5,0.058823529411764705,0.782608695652174,1.0,0.7352941176470589
2020-06-08,40,0,30,True,False,True,5,0,5,0.029411764705882353,0.8409090909090909,1.0,0.6944444444444444
2020-06-09,40,0,30,True,False,True,5,0,4,0.014492753623188406,0.8604651162790697,1.0,0.7647058823529411
2020-06-10,36,0,57,True,False,False,5,0,10,0.10714285714285714,0.7674418604651163,1.0,0.38095238095238093
2020-06-11,42,0,43,True,False,False,5,0,9,0.04938271604938271,0.6956521739130435,1.0,0.5625
2020-06-12,42,0,40,True,False,False,5,0,8,0.07894736842105263,0.8666666666666667,1.0,0.6938775510204082
2020-06-15,43,0,44,True,False,False,5,0,9,0.04819277108433735,0.9318181818181818,1.0,0.5272727272727272
2020-06-16,45,0,25,True,False,True,5,0,5,0.04477611940298507,0.8333333333333334,1.0,0.5333333333333333
2020-06-17,44,0,19,True,False,True,5,0,4,0.06779661016949153,0.9347826086956522,1.0,0.6296296296296297
2020-06-18,47,0,21,True,False,True,5,0,5,0.07936507936507936,0.8571428571428571,1.0,0.6666666666666666
2020-06-19,42,0,30,True,False,False,5,0,9,0.09090909090909091,0.8163265306122449,1.0,0.34210526315789475
2020-06-22,42,0,28,True,False,False,5,0,10,0.07692307692307693,0.9090909090909091,1.0,0.8709677419354839
2020-06-23,46,0,19,True,False,False,5,0,7,0.06557377049180328,0.7959183673469388,1.0,0.5161290322580645
2020-06-24,44,0,18,True,False,False,5,0,8,0.01639344262295082,0.6981132075471698,1.0,0.6818181818181818
2020-06-25,37,0,16,True,False,False,5,0,7,0.0392156862745098,0.5882352941176471,1.0,0.7894736842105263
2020-06-26,39,0,11,True,False,False,5,0,5,0.041666666666666664,0.6170212765957447,1.0,0.6875
2020-06-29,36,0,10,True,False,False,5,0,4,0.022222222222222223,0.7441860465116279,1.0,0.75
2020-06-30,39,0,10,True,False,False,5,0,4,0.020833333333333332,0.7441860465116279,1.0,0.8181818181818182
2020-07-01,34,0,11,True,False,False,5,0,5,0.046511627906976744,0.7380952380952381,1.0,0.75
2020-07-02,36,0,12,True,False,False,5,0,5,0.043478260869565216,0.6666666666666666,1.0,0.6428571428571429
2020-07-06,35,0,11,True,False,False,5,0,5,0.06976744186046512,0.6904761904761905,1.0,0.7692307692307693
2020-07-07,37,0,13,True,False,False,5,0,5,0.06382978723404255,0.5652173913043478,1.0,0.7142857142857143
2020-07-08,36,0,12,True,False,False,5,0,5,0.09090909090909091,0.825,1.0,0.5625
2020-07-09,30,0,14,True,False,False,5,0,5,0.1282051282051282,0.5,1.0,0.8571428571428571
2020-07-10,33,0,11,True,False,False,5,0,5,0.1,0.6153846153846154,1.0,0.5625
2020-07-13,36,0,8,True,False,False,5,0,4,0.047619047619047616,0.6428571428571429,1.0,0.5833333333333334
2020-07-14,35,0,8,True,False,False,5,0,5,0.04878048780487805,0.6904761904761905,1.0,0.7777777777777778
2020-07-15,38,0,7,True,False,False,5,0,4,0.046511627906976744,0.8717948717948718,1.0,0.6666666666666666
2020-07-16,36,0,12,True,False,False,5,0,5,0.11627906976744186,0.9473684210526315,1.0,0.5833333333333334
2020-07-17,33,0,11,True,False,False,5,0,3,0.1282051282051282,0.6829268292682927,1.0,0.5333333333333333
2020-07-20,37,0,10,True,False,False,5,0,3,0.044444444444444446,0.7073170731707317,1.0,0.75
2020-07-21,42,0,10,True,False,False,5,0,3,0.04,0.6808510638297872,1.0,0.8181818181818182
2020-07-22,43,0,9,True,False,False,5,0,4,0.04,0.7708333333333334,1.0,0.35714285714285715
2020-07-23,43,0,13,True,False,False,5,0,4,0.05660377358490566,0.72,1.0,0.5714285714285714
2020-07-24,42,0,15,True,False,False,5,0,5,0.05555555555555555,0.8085106382978723,1.0,0.75
2020-07-27,49,0,11,False,False,False,9,0,4,0.07142857142857142,0.5964912280701754,1.0,0.625
2020-07-28,51,0,13,False,False,False,8,0,5,0.03225806451612903,0.7543859649122807,1.0,0.7142857142857143
2020-07-29,45,0,14,False,False,False,6,0,5,0.03508771929824561,0.7454545454545455,1.0,0.8
2020-07-30,51,0,12,False,False,False,8,0,4,0.03278688524590164,0.8461538461538461,1.0,0.7333333333333333
2020-07-31,43,0,12,False,False,False,8,0,4,0.018518518518518517,0.7407407407407407,1.0,1.0
2020-08-03,36,0,12,False,False,False,9,0,5,0.02127659574468085,0.7555555555555555,1.0,0.6
2020-08-04,30,0,7,False,False,False,7,0,3,0.0,0.7837837837837838,1.0,0.46153846153846156
2020-08-05,28,0,5,False,False,False,6,0,2,0.03125,0.6111111111111112,1.0,0.3333333333333333
2020-08-06,22,0,3,False,False,False,5,0,2,0.041666666666666664,0.7241379310344828,1.0,0.6
2020-08-07,20,0,3,False,False,False,4,0,1,0.0,0.5555555555555556,1.0,0.5
2020-08-10,20,0,6,False,False,False,4,0,3,0.08333333333333333,0.6666666666666666,1.0,0.5
2020-08-11,18,0,5,False,False,False,4,0,3,0.045454545454545456,0.7272727272727273,1.0,0.8333333333333334
2020-08-12,25,0,3,False,False,False,6,0,2,0.037037037037037035,0.72,1.0,0.14285714285714285
2020-08-13,26,0,6,False,False,False,6,0,2,0.03225806451612903,0.8888888888888888,1.0,0.5
2020-08-14,26,2,8,False,False,False,6,2,3,0.02857142857142857,0.9259259259259259,0.0,0.75
2020-08-17,25,3,9,False,False,False,5,2,4,0.027777777777777776,0.7,0.6666666666666666,0.7
2020-08-18,21,2,7,False,False,False,4,2,4,0.034482758620689655,0.7037037037037037,0.6666666666666666,0.7777777777777778
2020-08-19,23,1,5,False,False,False,4,1,3,0.03571428571428571,0.76,0.5,0.7142857142857143
2020-08-20,24,2,4,False,False,False,4,2,2,0.034482758620689655,0.7407407407407407,0.5,0.5
2020-08-21,23,2,5,False,False,False,5,2,3,0.034482758620689655,0.88,1.0,0.5
2020-08-24,29,1,4,False,False,False,6,1,2,0.030303030303030304,0.5294117647058824,0.5,0.5
2020-08-25,29,1,6,False,False,False,6,1,2,0.058823529411764705,0.8125,1.0,0.6666666666666666
2020-08-26,31,2,5,False,False,False,7,2,3,0.08571428571428572,0.6216216216216216,0.0,0.5714285714285714
2020-08-27,30,4,6,False,False,False,7,2,3,0.05263157894736842,0.8484848484848485,0.5,0.8333333333333334
2020-08-28,31,5,7,False,False,False,7,3,4,0.023809523809523808,0.8484848484848485,0.8,0.625
2020-08-31,34,5,8,False,False,False,7,3,4,0.044444444444444446,0.8055555555555556,1.0,0.875
2020-09-01,37,2,10,False,False,False,6,2,3,0.0425531914893617,0.7317073170731707,0.4,0.5
2020-09-02,47,5,9,False,False,False,8,3,3,0.016666666666666666,0.7142857142857143,0.4,0.5833333333333334
2020-09-03,46,1,9,True,False,False,5,1,3,0.037037037037037035,0.576271186440678,0.2,0.6363636363636364
2020-09-04,42,0,10,True,False,False,5,0,3,0.061224489795918366,0.7254901960784313,0.0,0.7272727272727273
2020-09-08,46,0,11,True,False,False,5,0,5,0.05555555555555555,0.6923076923076923,1.0,0.75
2020-09-09,44,0,10,True,False,False,5,0,4,0.058823529411764705,0.9148936170212766,1.0,0.75
2020-09-10,44,0,11,True,False,False,5,0,4,0.057692307692307696,0.8333333333333334,1.0,0.9090909090909091
2020-09-11,45,0,9,True,False,False,5,0,4,0.058823529411764705,0.8541666666666666,1.0,0.8181818181818182
2020-09-14,46,0,4,True,False,False,5,0,2,0.06382978723404255,0.8958333333333334,1.0,0.4444444444444444
2020-09-15,43,0,5,True,False,False,5,0,2,0.043478260869565216,0.6792452830188679,1.0,0.5
2020-09-16,41,0,7,True,False,False,5,0,3,0.043478260869565216,0.6153846153846154,1.0,0.7142857142857143
2020-09-17,39,0,7,True,False,False,5,0,4,0.022222222222222223,0.8604651162790697,1.0,0.75
2020-09-18,40,0,4,True,False,False,5,0,3,0.023255813953488372,0.6458333333333334,1.0,0.2222222222222222
2020-09-21,47,0,5,True,False,False,5,0,3,0.0196078431372549,0.7058823529411765,1.0,0.8
2020-09-22,45,0,5,True,False,False,5,0,3,0.02040816326530612,0.7037037037037037,1.0,1.0
2020-09-23,47,0,6,True,False,False,5,0,3,0.019230769230769232,0.84,1.0,0.8333333333333334
2020-09-24,45,0,6,True,False,False,5,0,4,0.02,0.7692307692307693,1.0,0.7142857142857143
2020-09-25,43,0,5,True,False,False,5,0,3,0.02127659574468085,0.6296296296296297,1.0,0.8333333333333334
2020-09-28,46,0,6,True,False,False,5,0,3,0.04,0.8163265306122449,1.0,0.8333333333333334
2020-09-29,44,0,6,True,False,False,5,0,3,0.02040816326530612,0.9148936170212766,1.0,0.5
2020-09-30,44,0,6,True,False,False,5,0,3,0.041666666666666664,0.660377358490566,1.0,0.7142857142857143
2020-10-01,40,0,6,True,False,False,5,0,3,0.022222222222222223,0.68,1.0,0.7142857142857143
2020-10-02,42,0,7,True,False,False,5,0,3,0.020833333333333332,0.6078431372549019,1.0,0.8571428571428571
2020-10-05,42,0,9,True,False,False,5,0,4,0.02,0.75,1.0,0.7777777777777778
2020-10-06,45,0,9,True,False,False,5,0,4,0.0,0.7755102040816326,1.0,1.0
2020-10-07,44,0,11,True,False,False,5,0,4,0.018518518518518517,0.7115384615384616,1.0,0.6666666666666666
2020-10-08,45,0,11,True,False,False,5,0,4,0.01818181818181818,0.8936170212765957,1.0,0.6923076923076923
2020-10-09,47,0,14,True,False,False,5,0,5,0.03389830508474576,0.7692307692307693,1.0,0.6666666666666666
2020-10-12,47,0,16,True,False,False,5,0,6,0.03278688524590164,0.7735849056603774,1.0,0.7647058823529411
2020-10-13,43,0,14,True,False,False,5,0,6,0.03636363636363636,0.6363636363636364,1.0,0.875
2020-10-14,42,0,13,True,False,False,5,0,6,0.057692307692307696,0.7,1.0,0.9285714285714286
2020-10-15,47,0,14,True,False,False,5,0,6,0.07017543859649122,0.7450980392156863,1.0,0.9285714285714286
2020-10-16,48,0,13,True,False,False,5,0,5,0.05172413793103448,0.6666666666666666,1.0,0.9285714285714286
2020-10-19,46,0,12,True,False,False,5,0,4,0.03571428571428571,0.7407407407407407,1.0,0.6666666666666666
2020-10-20,45,0,11,True,False,False,5,0,4,0.037037037037037035,0.6545454545454545,1.0,0.9166666666666666
2020-10-21,73,0,8,False,False,False,10,0,3,0.02531645569620253,0.5733333333333334,1.0,0.46153846153846156
2020-10-22,45,0,8,True,False,False,5,0,3,0.019230769230769232,0.6164383561643836,1.0,1.0
2020-10-23,43,0,9,True,False,False,5,0,3,0.0,0.6923076923076923,1.0,0.7
2020-10-26,46,0,6,True,False,False,5,0,3,0.0,0.7450980392156863,1.0,0.5
2020-10-27,47,0,6,True,False,False,5,0,3,0.0,0.7547169811320755,1.0,0.7142857142857143
2020-10-28,42,0,6,True,False,False,5,0,3,0.02127659574468085,0.7115384615384616,1.0,0.7142857142857143
2020-10-29,43,0,6,True,False,False,5,0,4,0.020833333333333332,0.7,1.0,0.7142857142857143
2020-10-30,41,0,6,True,False,False,5,0,4,0.021739130434782608,0.7142857142857143,1.0,1.0
2020-11-02,42,0,5,True,False,False,5,0,3,0.021739130434782608,0.7291666666666666,1.0,0.5714285714285714
2020-11-03,43,0,3,True,False,False,5,0,2,0.022222222222222223,0.7,1.0,0.6
2020-11-04,47,0,2,True,False,False,5,0,1,0.020833333333333332,0.5,1.0,0.6666666666666666
2020-11-05,44,0,3,True,False,False,5,0,1,0.021739130434782608,0.7169811320754716,1.0,0.6666666666666666
2020-11-06,43,0,6,True,False,False,5,0,2,0.0425531914893617,0.7755102040816326,1.0,0.5
2020-11-09,42,1,5,True,False,False,5,1,2,0.043478260869565216,0.3492063492063492,0.0,0.5714285714285714
2020-11-10,41,1,12,True,False,False,5,1,5,0.058823529411764705,0.6274509803921569,1.0,0.4166666666666667
2020-11-11,41,1,15,True,False,False,5,1,5,0.05555555555555555,0.9523809523809523,1.0,0.8
2020-11-12,42,1,10,True,False,False,5,1,4,0.06,0.9302325581395349,1.0,0.5625
2020-11-13,42,1,15,True,False,False,5,1,5,0.07407407407407407,0.9534883720930233,1.0,0.47058823529411764
2020-11-16,42,2,12,True,False,False,5,2,4,0.07692307692307693,0.9090909090909091,0.5,0.5882352941176471
2020-11-17,43,2,7,True,False,False,5,2,3,0.04,0.8888888888888888,1.0,0.5833333333333334
2020-11-18,46,1,8,True,False,False,5,1,3,0.03773584905660377,0.78,0.0,0.875
2020-11-19,47,1,9,True,False,False,5,1,3,0.03636363636363636,0.8235294117647058,1.0,0.8888888888888888
2020-11-20,46,1,11,True,False,False,5,1,4,0.07407407407407407,0.8979591836734694,1.0,0.5384615384615384
2020-11-23,44,2,11,True,False,False,5,2,4,0.07547169811320754,0.8,0.5,0.8333333333333334
2020-11-24,48,1,10,True,False,False,5,1,3,0.05357142857142857,0.84,0.5,0.6153846153846154
2020-11-25,80,4,8,False,False,False,10,3,3,0.033707865168539325,0.6,0.25,0.8
2020-11-27,83,7,6,False,False,False,10,3,3,0.02127659574468085,0.9404761904761905,0.5714285714285714,0.75
2020-11-30,87,14,8,False,False,False,10,4,3,0.02830188679245283,0.9101123595505618,0.5,0.75
2020-12-01,88,17,8,False,False,False,10,6,4,0.018018018018018018,0.9021739130434783,0.7222222222222222,0.6
2020-12-02,85,27,8,False,False,False,10,7,4,0.02564102564102564,0.9438202247191011,0.5172413793103449,0.6
2020-12-03,84,18,7,False,False,False,10,6,4,0.02830188679245283,0.8777777777777778,0.6666666666666666,0.875
2020-12-04,32,29,8,True,False,False,5,8,5,0.045454545454545456,0.38095238095238093,0.6206896551724138,0.875
2020-12-07,35,27,9,True,False,False,5,9,4,0.04411764705882353,0.8611111111111112,0.8666666666666667,0.7
2020-12-08,45,1,9,False,False,False,9,1,4,0.057692307692307696,0.45454545454545453,0.037037037037037035,1.0
2020-12-09,55,0,9,False,False,False,10,0,4,0.04918032786885246,0.639344262295082,0.0,1.0
2020-12-10,46,0,11,False,False,False,10,0,4,0.07547169811320754,0.711864406779661,1.0,0.6666666666666666
2020-12-11,39,0,8,False,False,False,8,0,4,0.044444444444444446,0.7708333333333334,1.0,0.7272727272727273
2020-12-14,37,1,7,False,False,False,9,1,3,0.046511627906976744,0.7674418604651163,0.0,0.6666666666666666
2020-12-15,34,1,9,False,False,False,8,1,3,0.047619047619047616,0.8205128205128205,1.0,0.45454545454545453
2020-12-16,34,1,8,False,False,False,8,1,3,0.04878048780487805,0.8378378378378378,1.0,0.5454545454545454
2020-12-17,34,1,6,False,False,False,8,1,2,0.05128205128205128,0.7894736842105263,1.0,0.75
2020-12-18,34,1,5,False,False,False,8,1,2,0.05263157894736842,0.8888888888888888,1.0,0.8333333333333334
2020-12-21,28,1,6,False,False,False,6,1,3,0.06060606060606061,0.631578947368421,1.0,0.8333333333333334
2020-12-22,28,0,6,False,False,False,7,0,3,0.0625,0.8666666666666667,0.0,1.0
2020-12-23,22,2,7,False,False,False,5,1,3,0.06896551724137931,0.6129032258064516,0.0,0.625
2020-12-24,23,2,10,False,False,False,4,1,5,0.0,0.7307692307692307,1.0,0.4166666666666667
2020-12-28,22,2,10,False,False,False,4,1,6,0.030303030303030304,0.875,1.0,0.8181818181818182
2020-12-29,22,4,7,False,False,False,3,2,5,0.03125,0.9130434782608695,0.5,0.7
2020-12-30,19,5,7,False,False,False,3,3,4,0.03333333333333333,0.8636363636363636,0.8,0.75
2020-12-31,19,2,7,False,False,False,5,2,3,0.0,0.7272727272727273,0.4,0.5555555555555556
2021-01-04,26,0,6,False,False,False,5,0,4,0.03225806451612903,0.6071428571428571,0.0,0.625
2021-01-05,23,0,6,False,False,False,6,0,3,0.0,0.6333333333333333,1.0,0.5
2021-01-06,35,1,6,False,False,False,8,1,3,0.024390243902439025,0.45,0.0,0.7142857142857143
2021-01-07,38,0,8,False,False,False,8,0,4,0.045454545454545456,0.6590909090909091,0.0,0.75
2021-01-08,38,1,6,False,False,False,10,1,3,0.07142857142857142,0.7272727272727273,0.0,0.75
2021-01-11,44,1,6,False,False,False,10,1,3,0.04081632653061224,0.8222222222222222,0.0,0.5
2021-01-12,43,1,5,False,False,False,10,1,2,0.0,0.9333333333333333,1.0,0.5714285714285714
2021-01-13,39,0,7,False,False,False,7,0,3,0.0,0.7083333333333334,0.0,0.7142857142857143
2021-01-14,36,0,8,False,False,False,7,0,3,0.0,0.875,1.0,0.6666666666666666
2021-01-15,37,0,6,False,False,False,7,0,3,0.023809523809523808,0.7380952380952381,1.0,0.75
2021-01-19,33,0,5,False,False,False,7,0,3,0.0,0.75,1.0,0.375
2021-01-20,45,0,6,False,False,False,7,0,4,0.04081632653061224,0.7333333333333333,1.0,0.5714285714285714
2021-01-21,47,0,6,False,False,False,8,0,3,0.06,0.8775510204081632,1.0,0.7142857142857143
2021-01-22,46,1,10,False,False,False,8,1,6,0.07547169811320754,0.86,0.0,0.6
2021-01-25,43,1,14,False,False,False,8,1,7,0.07407407407407407,0.8163265306122449,1.0,0.7142857142857143
2021-01-26,38,1,15,False,False,False,6,1,7,0.058823529411764705,0.8,1.0,0.8125
2021-01-27,48,1,13,False,False,False,7,1,6,0.05084745762711865,0.6538461538461539,1.0,0.75
2021-01-28,43,1,14,False,False,False,7,1,6,0.017543859649122806,0.75,1.0,0.6875
2021-01-29,45,0,14,False,False,False,8,0,6,0.017241379310344827,0.76,0.0,1.0
2021-02-01,47,0,11,False,False,False,7,0,6,0.017543859649122806,0.803921568627451,1.0,0.7857142857142857
2021-02-02,53,0,9,False,False,False,8,0,4,0.03333333333333333,0.7241379310344828,1.0,0.8181818181818182
2021-02-03,51,0,10,False,False,False,8,0,4,0.05172413793103448,0.7627118644067796,1.0,0.5833333333333334
2021-02-04,37,0,10,False,False,False,7,0,4,0.021739130434782608,0.4915254237288136,1.0,0.6666666666666666
2021-02-05,38,0,10,False,False,False,7,0,3,0.02127659574468085,0.875,1.0,0.6666666666666666
2021-02-08,37,0,8,False,False,False,7,0,3,0.022727272727272728,0.8292682926829268,1.0,0.6363636363636364
2021-02-09,32,0,7,False,False,False,7,0,2,0.02631578947368421,0.8157894736842105,1.0,0.875
2021-02-10,32,0,9,False,False,False,6,0,4,0.05128205128205128,0.8285714285714286,1.0,0.45454545454545453
2021-02-11,33,0,10,False,False,False,7,0,5,0.023809523809523808,0.8571428571428571,1.0,0.46153846153846156
2021-02-12,31,0,10,False,False,False,7,0,3,0.0,0.8285714285714286,1.0,0.5384615384615384
2021-02-16,30,0,11,False,False,False,6,0,4,0.0,0.8484848484848485,1.0,0.75
2021-02-17,29,0,11,False,False,False,7,0,4,0.0,0.7878787878787878,1.0,1.0
2021-02-18,45,0,10,False,False,False,9,0,4,0.018518518518518517,0.574468085106383,1.0,0.75
2021-02-19,47,0,10,False,False,False,8,0,4,0.03636363636363636,0.7037037037037037,1.0,1.0
2021-02-22,41,0,12,False,False,False,7,0,5,0.0,0.7959183673469388,1.0,0.8333333333333334
2021-02-23,37,0,12,False,False,False,6,0,5,0.0,0.7333333333333333,1.0,0.8461538461538461
2021-02-24,45,0,13,False,False,False,9,0,5,0.0,0.673469387755102,1.0,0.7857142857142857
2021-02-25,34,0,13,False,False,False,7,0,5,0.021739130434782608,0.3620689655172414,1.0,0.4444444444444444
2021-02-26,42,0,16,False,False,False,8,0,5,0.017543859649122806,0.6170212765957447,1.0,0.6111111111111112
2021-03-01,38,0,14,False,False,False,8,0,5,0.0196078431372549,0.7777777777777778,1.0,0.5789473684210527
2021-03-02,37,0,18,False,False,False,8,0,7,0.018518518518518517,0.8292682926829268,1.0,0.7777777777777778
2021-03-03,41,0,21,False,False,False,7,0,9,0.01639344262295082,0.7727272727272727,1.0,0.8571428571428571
2021-03-04,44,0,20,False,False,False,7,0,9,0.03225806451612903,0.7,1.0,0.9523809523809523
2021-03-05,49,0,25,False,False,False,8,0,8,0.04225352112676056,0.6607142857142857,1.0,0.7307692307692307
2021-03-08,48,0,23,False,False,False,8,0,8,0.04411764705882353,0.7321428571428571,1.0,0.6
2021-03-09,61,1,25,False,False,False,10,1,8,0.03571428571428571,0.6515151515151515,0.0,0.7142857142857143
2021-03-10,59,0,22,False,False,False,9,0,7,0.05194805194805195,0.7910447761194029,0.0,0.8076923076923077
2021-03-11,68,0,20,False,False,False,10,0,7,0.03529411764705882,0.7887323943661971,1.0,0.68
2021-03-12,60,0,17,False,False,False,10,0,6,0.013157894736842105,0.8823529411764706,1.0,0.85
2021-03-15,62,0,19,False,False,False,10,0,7,0.0125,0.90625,1.0,0.8
2021-03-16,62,0,16,False,False,False,10,0,6,0.012987012987012988,0.8787878787878788,1.0,0.8421052631578947
2021-03-17,59,0,11,False,False,False,8,0,5,0.014492753623188406,0.8615384615384616,1.0,0.6875
2021-03-18,49,0,12,False,False,False,9,0,6,0.016666666666666666,0.6875,1.0,0.4375
2021-03-19,53,0,8,False,False,False,8,0,5,0.016666666666666666,0.7894736842105263,1.0,0.6666666666666666
2021-03-22,49,0,8,False,False,False,9,0,4,0.017857142857142856,0.8214285714285714,1.0,0.7777777777777778
2021-03-23,51,0,8,False,False,False,10,0,4,0.017241379310344827,0.7241379310344828,1.0,0.7777777777777778
2021-03-24,36,0,11,True,False,False,5,0,4,0.021739130434782608,0.6111111111111112,1.0,0.46153846153846156
2021-03-25,57,0,8,False,False,False,9,0,3,0.0,0.55,1.0,0.7272727272727273
2021-03-26,58,0,8,False,False,False,10,0,3,0.0,0.6911764705882353,1.0,0.45454545454545453
2021-03-29,55,3,10,False,False,False,10,2,3,0.0,0.8524590163934426,0.0,0.6363636363636364
2021-03-30,55,3,11,False,False,False,10,2,3,0.0,0.9298245614035088,1.0,0.75
2021-03-31,47,1,11,False,False,False,9,1,3,0.0,0.7288135593220338,0.3333333333333333,0.8333333333333334
2021-04-01,44,0,8,False,False,False,7,0,4,0.0196078431372549,0.6851851851851852,0.0,0.46153846153846156
2021-04-05,36,0,4,False,False,False,7,0,3,0.0,0.7021276595744681,1.0,0.3333333333333333
2021-04-06,35,0,5,False,False,False,7,0,3,0.02564102564102564,0.868421052631579,1.0,0.8
2021-04-07,31,0,1,False,False,False,6,0,1,0.0,0.6923076923076923,1.0,0.2
2021-04-08,27,0,6,False,False,False,5,0,2,0.03125,0.8709677419354839,1.0,0.16666666666666666
2021-04-09,28,0,5,False,False,False,5,0,2,0.03125,0.71875,1.0,0.8333333333333334
2021-04-12,28,1,5,False,False,False,5,1,2,0.030303030303030304,0.8666666666666667,0.0,1.0
2021-04-13,28,1,3,False,False,False,5,1,2,0.03225806451612903,0.8064516129032258,1.0,0.6
2021-04-14,33,0,4,False,False,False,6,0,3,0.027777777777777776,0.7428571428571429,0.0,0.75
2021-04-15,33,0,5,False,False,False,6,0,3,0.02702702702702703,0.8857142857142857,1.0,0.8
2021-04-16,32,2,4,False,False,False,6,2,2,0.02702702702702703,0.6666666666666666,0.0,0.8
2021-04-19,37,1,6,False,False,False,6,1,2,0.023255813953488372,0.8157894736842105,0.5,0.6666666666666666
2021-04-20,41,0,4,False,False,False,6,0,2,0.022727272727272728,0.8571428571428571,0.0,0.6666666666666666
2021-04-21,37,0,8,False,False,False,5,0,4,0.022727272727272728,0.7333333333333333,1.0,0.2
2021-04-22,43,0,8,False,False,False,6,0,4,0.0,0.7777777777777778,1.0,0.7777777777777778
2021-04-23,50,1,10,False,False,False,9,1,5,0.016666666666666666,0.7884615384615384,0.0,0.8
2021-04-26,39,2,10,False,False,False,7,2,4,0.02,0.5614035087719298,0.5,0.6666666666666666
2021-04-27,36,1,14,False,False,False,7,1,6,0.04081632653061224,0.7857142857142857,0.5,0.7142857142857143
2021-04-28,34,0,13,False,False,False,7,0,5,0.021739130434782608,0.6666666666666666,0.0,0.8
2021-04-29,26,0,14,False,False,False,4,0,5,0.02564102564102564,0.4634146341463415,1.0,0.9285714285714286
2021-04-30,29,0,13,False,False,False,6,0,6,0.024390243902439025,0.5714285714285714,1.0,0.8
2021-05-03,24,0,13,False,False,False,6,0,7,0.0,0.5142857142857142,1.0,0.625
2021-05-04,25,0,15,False,False,False,6,0,7,0.0,0.6333333333333333,1.0,0.8666666666666667
2021-05-05,24,0,12,False,False,False,4,0,5,0.0,0.53125,1.0,0.6875
2021-05-06,27,2,10,False,False,False,4,1,5,0.0,0.7,0.0,0.6923076923076923
2021-05-07,27,1,10,False,False,False,5,1,4,0.0,0.8,0.5,0.6666666666666666
2021-05-10,27,1,10,False,False,False,5,1,4,0.0,0.6875,1.0,0.6666666666666666
2021-05-11,33,0,10,False,False,False,6,0,4,0.023809523809523808,0.7142857142857143,0.0,0.6666666666666666
2021-05-12,48,0,12,False,False,False,9,0,5,0.034482758620689655,0.5882352941176471,1.0,0.6923076923076923
2021-05-13,46,0,12,False,False,False,9,0,4,0.05454545454545454,0.7407407407407407,1.0,0.5
2021-05-14,51,0,11,False,False,False,10,0,4,0.03333333333333333,0.7962962962962963,1.0,0.6428571428571429
2021-05-17,53,0,8,False,False,False,10,0,3,0.03389830508474576,0.9259259259259259,1.0,0.5833333333333334
2021-05-18,58,0,5,False,False,False,10,0,2,0.0,0.7903225806451613,1.0,0.625
2021-05-19,58,0,6,False,False,False,10,0,2,0.015873015873015872,0.8125,1.0,0.8333333333333334
2021-05-20,60,0,11,False,False,False,8,0,4,0.014285714285714285,0.7878787878787878,1.0,0.4166666666666667
2021-05-21,57,0,10,False,False,False,8,0,3,0.015151515151515152,0.8571428571428571,1.0,0.75
2021-05-24,56,0,7,False,False,False,8,0,3,0.0,0.8833333333333333,1.0,0.7
2021-05-25,55,0,9,False,False,False,7,0,4,0.015873015873015872,0.9137931034482759,1.0,0.7777777777777778
2021-05-26,61,0,8,False,False,False,9,0,3,0.014705882352941176,0.8709677419354839,1.0,0.7
2021-05-27,53,0,8,False,False,False,8,0,4,0.016666666666666666,0.7014925373134329,1.0,0.7777777777777778
2021-05-28,53,0,10,False,False,False,10,0,5,0.016129032258064516,0.7966101694915254,1.0,0.8
2021-06-01,54,0,8,False,False,False,8,0,4,0.03333333333333333,0.7540983606557377,1.0,0.5
2021-06-02,56,0,11,False,False,False,8,0,5,0.046875,0.7741935483870968,1.0,0.46153846153846156
2021-06-03,47,0,8,True,False,False,5,0,4,0.03773584905660377,0.7457627118644068,1.0,0.7272727272727273
2021-06-04,70,0,9,False,False,False,10,0,3,0.05333333333333334,0.625,1.0,0.5454545454545454
2021-06-07,60,0,11,False,False,False,9,0,4,0.07575757575757576,0.8055555555555556,1.0,0.8181818181818182
2021-06-08,57,0,8,False,False,False,8,0,4,0.06557377049180328,0.6714285714285714,1.0,0.5833333333333334
2021-06-09,56,0,9,False,False,False,8,0,4,0.015625,0.6865671641791045,1.0,0.8888888888888888
2021-06-10,28,0,9,False,False,False,5,0,3,0.027777777777777776,0.5,1.0,0.6363636363636364
2021-06-11,31,0,6,False,False,False,6,0,3,0.027777777777777776,0.6388888888888888,1.0,0.6666666666666666
2021-06-14,23,0,5,False,False,False,5,0,3,0.037037037037037035,0.7419354838709677,1.0,0.375
2021-06-15,23,0,7,False,False,False,4,0,3,0.034482758620689655,0.9166666666666666,1.0,0.7142857142857143
2021-06-16,22,2,6,False,False,False,4,2,4,0.034482758620689655,0.875,0.0,0.625
2021-06-17,28,3,7,False,False,False,5,2,4,0.02702702702702703,0.7857142857142857,0.6666666666666666,0.8571428571428571
2021-06-18,33,2,8,False,False,False,7,1,4,0.04878048780487805,0.6052631578947368,0.25,0.875
2021-06-21,42,1,8,False,False,False,9,1,4,0.0851063829787234,0.6304347826086957,0.5,0.7777777777777778
2021-06-22,41,1,8,False,False,False,9,1,4,0.08695652173913043,0.9302325581395349,1.0,0.6
2021-06-23,45,2,8,False,False,False,9,2,4,0.057692307692307696,0.9111111111111111,0.5,0.7777777777777778
2021-06-24,43,3,6,False,False,False,10,3,3,0.0196078431372549,0.9130434782608695,0.6666666666666666,0.75
2021-06-25,54,1,6,False,False,False,10,1,3,0.05172413793103448,0.7017543859649122,0.3333333333333333,0.7142857142857143
2021-06-28,46,2,9,False,False,False,8,2,4,0.03636363636363636,0.7241379310344828,0.5,0.6666666666666666
2021-06-29,43,2,8,False,False,False,7,2,3,0.0392156862745098,0.6792452830188679,1.0,0.5454545454545454
2021-06-30,48,3,7,False,False,False,7,3,3,0.03571428571428571,0.7169811320754716,0.6666666666666666,0.875
2021-07-01,55,2,6,False,False,False,7,2,2,0.03278688524590164,0.7457627118644068,0.6666666666666666,0.625
2021-07-02,51,3,6,False,False,False,7,2,2,0.01694915254237288,0.7966101694915254,0.6666666666666666,1.0
2021-07-06,61,3,6,False,False,False,8,2,2,0.029411764705882353,0.7230769230769231,1.0,1.0
2021-07-07,63,2,9,False,False,False,9,2,3,0.027777777777777776,0.9076923076923077,0.6666666666666666,0.6666666666666666
2021-07-08,62,2,10,False,False,False,8,2,3,0.027777777777777776,0.8939393939393939,1.0,0.7272727272727273
2021-07-09,67,2,9,False,False,False,9,2,4,0.02631578947368421,0.8428571428571429,1.0,0.7272727272727273
2021-07-12,63,2,11,False,False,False,9,2,4,0.0410958904109589,0.8571428571428571,1.0,0.8181818181818182
2021-07-13,61,1,9,False,False,False,9,1,4,0.04411764705882353,0.8507462686567164,0.5,0.6666666666666666
2021-07-14,66,1,8,False,False,False,9,1,4,0.041666666666666664,0.8142857142857143,1.0,0.7
2021-07-15,58,1,10,False,False,False,9,1,4,0.045454545454545456,0.8235294117647058,1.0,0.6363636363636364
2021-07-16,63,0,10,False,False,False,9,0,3,0.04285714285714286,0.8059701492537313,0.0,0.6666666666666666
2021-07-19,53,0,9,False,False,False,9,0,3,0.06896551724137931,0.7058823529411765,1.0,0.9
2021-07-20,51,0,8,False,False,False,9,0,3,0.07272727272727272,0.8909090909090909,1.0,0.8888888888888888
2021-07-21,30,1,6,True,False,False,5,1,3,0.05714285714285714,0.5576923076923077,0.0,0.75
2021-07-22,29,0,5,True,False,False,5,0,2,0.030303030303030304,0.9032258064516129,0.0,0.8333333333333334
2021-07-23,30,0,4,True,False,False,5,0,2,0.030303030303030304,0.7878787878787878,1.0,0.8
2021-07-26,58,0,5,False,False,False,10,0,3,0.05,0.5172413793103449,1.0,0.8
2021-07-27,60,0,5,False,False,False,10,0,3,0.04838709677419355,0.873015873015873,1.0,1.0
2021-07-28,58,0,5,False,False,False,10,0,3,0.05,0.9032258064516129,1.0,1.0
2021-07-29,28,0,7,True,False,False,5,0,3,0.0,0.4576271186440678,1.0,0.7142857142857143
2021-07-30,54,1,8,False,False,False,10,1,4,0.05,0.4909090909090909,0.0,0.6666666666666666
2021-08-02,51,0,7,False,False,False,10,0,3,0.05454545454545454,0.9090909090909091,0.0,0.875
2021-08-03,57,0,6,False,False,False,10,0,3,0.05,0.8947368421052632,1.0,0.8571428571428571
2021-08-04,55,0,4,False,False,False,10,0,3,0.03508771929824561,0.9310344827586207,1.0,0.42857142857142855
2021-08-05,52,0,5,False,False,False,9,0,3,0.03636363636363636,0.8771929824561403,1.0,0.5
2021-08-06,50,0,6,False,False,False,9,0,3,0.037037037037037035,0.9245283018867925,1.0,0.5714285714285714
2021-08-09,48,0,7,False,False,False,9,0,4,0.057692307692307696,0.7818181818181819,1.0,0.4444444444444444
2021-08-10,48,0,5,False,False,False,9,0,2,0.0392156862745098,0.92,1.0,0.5
2021-08-11,48,0,8,False,False,False,9,0,4,0.05660377358490566,0.92,1.0,0.4444444444444444
2021-08-12,48,0,9,False,False,False,9,0,5,0.07547169811320754,0.8823529411764706,1.0,0.8888888888888888
2021-08-13,49,2,8,False,False,False,9,2,5,0.05357142857142857,0.94,0.0,0.8888888888888888
2021-08-16,42,3,6,False,False,False,8,2,3,0.04081632653061224,0.7843137254901961,0.6666666666666666,0.75
2021-08-17,38,4,7,False,False,False,8,2,4,0.0425531914893617,0.8604651162790697,0.75,0.8571428571428571
2021-08-18,46,0,6,False,False,False,8,0,4,0.04,0.7142857142857143,0.0,0.8571428571428571
2021-08-19,55,1,6,False,False,False,8,1,4,0.03333333333333333,0.8363636363636363,0.0,1.0
2021-08-20,53,1,4,False,False,False,8,1,3,0.03571428571428571,0.9285714285714286,1.0,0.42857142857142855
2021-08-23,52,0,6,False,False,False,9,0,3,0.05454545454545454,0.8421052631578947,0.0,0.6666666666666666
2021-08-24,59,0,5,False,False,False,9,0,2,0.03225806451612903,0.85,1.0,0.5714285714285714
2021-08-25,58,0,4,False,False,False,9,0,2,0.05084745762711865,0.9180327868852459,1.0,0.5
2021-08-26,57,0,5,False,False,False,8,0,2,0.05084745762711865,0.9491525423728814,1.0,0.8
2021-08-27,62,0,6,False,False,False,9,0,3,0.046153846153846156,0.9193548387096774,1.0,0.5714285714285714
2021-08-30,61,2,6,False,False,False,8,1,3,0.045454545454545456,0.8636363636363636,0.0,1.0
2021-08-31,60,2,6,False,False,False,8,1,3,0.046153846153846156,0.9206349206349206,1.0,0.7142857142857143
2021-09-01,60,4,6,False,False,False,8,2,3,0.04477611940298507,0.9354838709677419,0.5,0.5
2021-09-02,63,5,7,False,False,False,8,3,4,0.041666666666666664,0.8923076923076924,0.5,0.8571428571428571
2021-09-03,66,5,10,False,False,False,8,3,3,0.02531645569620253,0.9253731343283582,1.0,0.5454545454545454
2021-09-07,68,4,14,False,False,False,8,2,4,0.023809523809523808,0.9142857142857143,0.8,0.7142857142857143
2021-09-08,67,5,9,False,False,False,8,3,4,0.02531645569620253,0.9285714285714286,0.8,0.6428571428571429
2021-09-09,69,4,9,False,False,False,9,2,4,0.025,0.9154929577464789,0.8,1.0
2021-09-10,64,2,10,False,False,False,8,2,4,0.02702702702702703,0.9,0.5,0.7272727272727273
2021-09-13,59,1,13,False,False,False,9,1,6,0.04285714285714286,0.835820895522388,0.0,0.7692307692307693
2021-09-14,52,1,13,False,False,False,8,1,5,0.06451612903225806,0.819672131147541,1.0,0.5294117647058824
2021-09-15,54,1,15,False,False,False,8,1,6,0.04477611940298507,0.8928571428571429,1.0,0.75
2021-09-16,56,6,11,False,False,False,8,6,4,0.04285714285714286,0.864406779661017,0.16666666666666666,0.625
2021-09-17,59,0,11,False,False,False,9,0,4,0.04477611940298507,0.7692307692307693,0.0,0.8333333333333334
2021-09-20,73,0,11,False,False,False,10,0,4,0.037037037037037035,0.7142857142857143,1.0,0.8333333333333334
2021-09-21,43,0,9,True,False,False,5,0,3,0.04,0.46835443037974683,1.0,0.6666666666666666
2021-09-22,45,0,6,True,False,False,5,0,3,0.02,0.76,1.0,0.6666666666666666
2021-09-23,42,0,7,True,False,False,5,0,3,0.06521739130434782,0.9333333333333333,1.0,0.625
2021-09-24,40,0,7,True,False,False,5,0,3,0.09302325581395349,0.8222222222222222,1.0,0.5555555555555556
2021-09-27,69,0,8,False,False,False,10,0,3,0.0547945205479452,0.5352112676056338,1.0,0.875
2021-09-28,41,0,9,True,False,False,5,0,3,0.041666666666666664,0.5068493150684932,1.0,0.5454545454545454
2021-09-29,41,0,5,True,False,False,5,0,2,0.045454545454545456,0.8222222222222222,1.0,0.5555555555555556
2021-09-30,41,0,6,True,False,False,5,0,3,0.044444444444444446,0.8222222222222222,1.0,0.5714285714285714
2021-10-01,38,0,9,True,False,False,5,0,5,0.044444444444444446,0.7555555555555555,1.0,0.5
2021-10-04,37,0,7,True,False,False,5,0,4,0.07317073170731707,0.7857142857142857,1.0,0.6
2021-10-05,41,0,5,True,False,False,5,0,4,0.045454545454545456,0.6956521739130435,1.0,0.7142857142857143
2021-10-06,43,0,5,True,False,False,5,0,3,0.043478260869565216,0.7872340425531915,1.0,0.6666666666666666
2021-10-07,40,0,7,True,False,False,5,0,3,0.044444444444444446,0.8043478260869565,1.0,0.7142857142857143
2021-10-08,41,0,8,True,False,False,5,0,3,0.020833333333333332,0.7608695652173914,1.0,0.6666666666666666
2021-10-11,39,0,5,True,False,False,5,0,3,0.023255813953488372,0.7391304347826086,1.0,0.625
2021-10-12,40,0,5,True,False,False,5,0,2,0.022727272727272728,0.8809523809523809,1.0,0.6666666666666666
2021-10-13,41,0,5,True,False,False,5,0,2,0.022222222222222223,0.9285714285714286,1.0,0.6666666666666666
2021-10-14,43,0,11,True,False,False,5,0,4,0.058823529411764705,0.7872340425531915,1.0,0.3333333333333333
2021-10-15,43,0,12,True,False,False,5,0,4,0.03773584905660377,0.72,1.0,0.4375
2021-10-18,69,0,10,False,False,False,10,0,5,0.025974025974025976,0.5555555555555556,1.0,0.6923076923076923
2021-10-19,65,0,9,False,False,False,9,0,5,0.0136986301369863,0.9420289855072463,1.0,0.7272727272727273
2021-10-20,59,0,9,False,False,False,9,0,5,0.0,0.8507462686567164,1.0,0.6363636363636364
2021-10-21,58,0,9,False,False,False,9,0,4,0.015151515151515152,0.8571428571428571,1.0,0.8
2021-10-22,57,0,6,False,False,False,9,0,3,0.016129032258064516,0.8253968253968254,1.0,0.36363636363636365
2021-10-25,53,0,5,False,False,False,9,0,3,0.017543859649122806,0.746031746031746,1.0,0.5714285714285714
2021-10-26,33,0,3,False,False,False,8,0,2,0.0,0.5087719298245614,1.0,0.3333333333333333
2021-10-27,29,0,5,False,False,False,9,0,3,0.0,0.55,1.0,0.6
2021-10-28,17,0,7,False,False,False,4,0,2,0.043478260869565216,0.4838709677419355,1.0,0.5
2021-10-29,16,0,7,False,False,False,4,0,3,0.09523809523809523,0.65,1.0,0.5555555555555556
2021-11-01,16,0,7,False,False,False,4,0,3,0.09523809523809523,0.7777777777777778,1.0,1.0
2021-11-02,15,0,6,False,False,False,4,0,2,0.10526315789473684,0.9375,1.0,0.8571428571428571
2021-11-03,14,0,8,False,False,False,4,0,3,0.1,0.8125,1.0,0.75
2021-11-04,15,0,8,False,False,False,4,0,3,0.09523809523809523,0.8125,1.0,0.7777777777777778
2021-11-05,13,1,6,False,False,False,4,1,3,0.05263157894736842,0.6470588235294118,0.0,0.75
2021-11-08,10,1,10,False,False,False,2,1,4,0.05,0.5333333333333333,0.0,0.6
2021-11-09,10,2,14,False,False,False,3,1,6,0.04,0.8181818181818182,0.0,0.6
2021-11-10,11,0,13,False,False,False,3,0,4,0.043478260869565216,0.75,0.0,0.6875
2021-11-11,9,0,10,False,False,False,3,0,4,0.05555555555555555,0.5384615384615384,1.0,0.7692307692307693
2021-11-12,8,0,10,False,False,False,2,0,5,0.058823529411764705,0.5454545454545454,1.0,0.6666666666666666
2021-11-15,7,0,10,False,False,False,2,0,4,0.0625,0.6666666666666666,1.0,0.8181818181818182
2021-11-16,5,0,12,False,False,False,1,0,4,0.0625,0.7142857142857143,1.0,0.8333333333333334
2021-11-17,7,0,14,False,False,False,2,0,4,0.05,0.7142857142857143,1.0,0.7333333333333333
2021-11-18,8,1,17,False,False,False,2,1,5,0.04,0.6666666666666666,0.0,0.7222222222222222
2021-11-19,9,1,23,False,False,False,3,1,7,0.1,0.5454545454545454,1.0,0.6666666666666666
2021-11-22,11,0,23,False,False,False,4,0,6,0.0967741935483871,0.6666666666666666,0.0,0.7692307692307693
2021-11-23,12,1,23,False,False,False,5,1,7,0.09090909090909091,0.9166666666666666,0.0,0.84
2021-11-24,10,2,17,False,False,False,2,2,6,0.11538461538461539,0.6923076923076923,0.5,0.7391304347826086
2021-11-26,23,1,18,False,False,False,8,1,8,0.10526315789473684,0.43478260869565216,0.0,0.6666666666666666
2021-11-29,27,1,15,False,False,False,6,1,8,0.075,0.5625,1.0,0.8333333333333334
2021-11-30,47,0,20,False,False,False,8,0,9,0.046875,0.45098039215686275,0.0,0.75
2021-12-01,44,0,19,False,False,False,8,0,8,0.05,0.7169811320754716,1.0,0.6956521739130435
2021-12-02,62,0,19,False,False,False,10,0,7,0.05194805194805195,0.65625,1.0,0.8095238095238095
2021-12-03,58,0,19,False,False,False,10,0,6,0.0547945205479452,0.9047619047619048,1.0,0.8095238095238095
2021-12-06,67,0,18,False,False,False,10,0,4,0.04938271604938271,0.8115942028985508,1.0,0.5416666666666666
2021-12-07,41,0,15,True,False,False,5,0,4,0.037037037037037035,0.5211267605633803,1.0,0.7368421052631579
2021-12-08,39,0,14,True,False,False,5,0,4,0.06,0.9047619047619048,1.0,0.7058823529411765
2021-12-09,39,0,21,True,False,False,5,0,6,0.09090909090909091,0.9024390243902439,1.0,0.4583333333333333
2021-12-10,37,0,18,True,False,False,5,0,6,0.03773584905660377,0.8095238095238095,1.0,0.625
2021-12-13,70,0,19,False,False,False,10,0,6,0.05952380952380952,0.5070422535211268,1.0,0.7619047619047619
2021-12-14,44,0,22,True,False,False,5,0,7,0.015384615384615385,0.52,1.0,0.7083333333333334
2021-12-15,41,0,23,True,False,False,5,0,8,0.0,0.7,1.0,0.8
2021-12-16,76,0,25,False,False,False,10,0,9,0.06315789473684211,0.5394736842105263,1.0,0.7142857142857143
2021-12-17,43,0,20,True,False,False,5,0,7,0.016129032258064516,0.5256410256410257,1.0,0.8
2021-12-20,43,0,14,True,False,False,5,0,5,0.017857142857142856,0.6862745098039216,1.0,0.6190476190476191
2021-12-21,46,0,5,True,False,False,5,0,3,0.0,0.8541666666666666,1.0,0.35714285714285715
2021-12-22,46,0,8,True,False,False,5,0,3,0.058823529411764705,0.8775510204081632,1.0,0.4444444444444444
2021-12-23,45,0,11,True,False,False,5,0,5,0.05660377358490566,0.8571428571428571,1.0,0.46153846153846156
2021-12-27,48,0,10,True,False,False,5,0,5,0.03571428571428571,0.8235294117647058,1.0,0.75
2021-12-28,51,0,10,True,False,False,5,0,5,0.03389830508474576,0.7368421052631579,1.0,0.6666666666666666
2021-12-29,48,0,10,True,False,False,5,0,4,0.03571428571428571,0.8333333333333334,1.0,0.6666666666666666
2021-12-30,48,0,15,True,False,False,5,0,4,0.016129032258064516,0.8823529411764706,1.0,0.5625
2021-12-31,50,0,13,True,False,False,5,0,4,0.016129032258064516,0.8490566037735849,1.0,0.6470588235294118
2022-01-03,73,0,14,False,False,False,8,0,4,0.04819277108433735,0.5769230769230769,1.0,0.8
2022-01-04,72,0,18,False,False,False,8,0,5,0.08433734939759036,0.7901234567901234,1.0,0.5238095238095238
2022-01-05,64,0,17,False,False,False,8,0,5,0.0945945945945946,0.8378378378378378,1.0,0.8421052631578947
2022-01-06,63,0,21,False,False,False,8,0,6,0.12,0.8142857142857143,1.0,0.7272727272727273
2022-01-07,61,0,20,False,False,False,8,0,6,0.125,0.9076923076923077,1.0,0.8636363636363636
2022-01-10,59,0,17,False,False,False,8,0,6,0.11764705882352941,0.875,1.0,0.7619047619047619
2022-01-11,59,0,18,False,False,False,8,0,7,0.08450704225352113,0.873015873015873,1.0,0.5909090909090909
2022-01-12,62,1,15,False,False,False,8,1,5,0.04,0.890625,0.0,0.7368421052631579
2022-01-13,51,2,18,False,False,False,8,1,5,0.04411764705882353,0.7384615384615385,0.5,0.65
2022-01-14,45,2,22,False,False,False,7,1,6,0.045454545454545456,0.8113207547169812,1.0,0.7391304347826086
2022-01-18,37,2,25,False,False,False,7,1,6,0.04918032786885246,0.7083333333333334,0.3333333333333333,0.8076923076923077
2022-01-19,40,3,31,False,False,False,7,2,7,0.05714285714285714,0.8333333333333334,0.6666666666666666,0.696969696969697
2022-01-20,32,1,32,False,False,False,6,1,8,0.06557377049180328,0.7560975609756098,0.3333333333333333,0.8
2022-01-21,33,2,33,False,False,False,7,1,8,0.0967741935483871,0.7567567567567568,0.5,0.8571428571428571
2022-01-24,32,2,40,False,False,False,6,1,9,0.07246376811594203,0.8571428571428571,1.0,0.7380952380952381
2022-01-25,24,3,37,False,False,False,5,1,9,0.0847457627118644,0.696969696969697,0.6666666666666666,0.7906976744186046
2022-01-26,22,1,39,False,False,False,5,1,9,0.05084745762711865,0.7692307692307693,0.3333333333333333,0.8536585365853658
2022-01-27,22,0,39,False,False,False,5,0,9,0.05172413793103448,0.9130434782608695,0.0,0.8571428571428571
2022-01-28,24,3,34,False,False,False,6,2,10,0.08928571428571429,0.7692307692307693,0.0,0.825
2022-01-31,25,2,35,False,False,False,6,2,10,0.06896551724137931,0.8846153846153846,0.6666666666666666,0.7692307692307693
2022-02-01,27,2,31,False,False,False,6,2,9,0.09090909090909091,0.9259259259259259,0.3333333333333333,0.8333333333333334
2022-02-02,31,1,30,False,False,False,7,1,7,0.08771929824561403,0.8125,0.0,0.7428571428571429
2022-02-03,34,1,32,False,False,False,7,1,8,0.09836065573770492,0.6666666666666666,1.0,0.8787878787878788
2022-02-04,25,1,40,False,False,False,6,1,9,0.08196721311475409,0.6388888888888888,1.0,0.7142857142857143
2022-02-07,26,1,32,False,False,False,6,1,7,0.07272727272727272,0.9615384615384616,1.0,0.6744186046511628
2022-02-08,30,0,35,False,False,False,7,0,9,0.031746031746031744,0.8064516129032258,0.0,0.6341463414634146
2022-02-09,29,0,30,False,False,False,6,0,8,0.0,0.84375,1.0,0.625
2022-02-10,31,0,28,False,False,False,6,0,8,0.017241379310344827,0.875,1.0,0.7575757575757576
2022-02-11,34,0,21,False,False,False,6,0,6,0.03773584905660377,0.8571428571428571,1.0,0.6896551724137931
2022-02-14,39,0,19,False,False,False,8,0,7,0.03571428571428571,0.8717948717948718,1.0,0.7391304347826086
2022-02-15,43,0,21,False,False,False,9,0,7,0.03225806451612903,0.673469387755102,1.0,0.6
2022-02-16,43,0,25,False,False,False,8,0,9,0.046153846153846156,0.8297872340425532,1.0,0.5333333333333333
2022-02-17,49,0,35,False,False,False,10,0,10,0.07692307692307693,0.7692307692307693,1.0,0.6666666666666666
2022-02-18,47,0,35,False,False,False,10,0,9,0.06493506493506493,0.8823529411764706,1.0,0.8421052631578947
2022-02-22,42,0,35,False,False,False,9,0,9,0.04054054054054054,0.8936170212765957,1.0,0.75
2022-02-23,50,1,35,False,False,False,10,1,9,0.04878048780487805,0.803921568627451,0.0,0.75
2022-02-24,36,0,30,True,False,False,5,0,9,0.03125,0.4827586206896552,0.0,0.7567567567567568
2022-02-25,44,0,29,True,False,False,5,0,9,0.028169014084507043,0.6666666666666666,1.0,0.84375
2022-02-28,47,0,28,True,False,False,5,0,8,0.041666666666666664,0.625,1.0,0.6285714285714286
2022-03-01,56,0,29,False,False,False,9,0,7,0.036585365853658534,0.6885245901639344,1.0,0.7272727272727273
2022-03-02,43,0,28,True,False,False,5,0,6,0.028985507246376812,0.6229508196721312,1.0,0.78125
2022-03-03,40,0,26,True,False,False,5,0,6,0.015384615384615385,0.6274509803921569,1.0,0.8
2022-03-04,64,0,27,False,False,False,10,0,6,0.02247191011235955,0.5757575757575758,1.0,0.7666666666666667
2022-03-07,42,0,28,True,False,False,5,0,6,0.029411764705882353,0.4520547945205479,1.0,0.896551724137931
2022-03-08,43,0,23,True,False,False,5,0,5,0.03125,0.7708333333333334,1.0,0.6451612903225806
2022-03-09,38,1,24,True,False,False,5,1,5,0.016129032258064516,0.723404255319149,0.0,0.6206896551724138
2022-03-10,39,0,24,True,False,False,5,0,6,0.03278688524590164,0.6041666666666666,0.0,0.7142857142857143
2022-03-11,38,0,26,True,False,False,5,0,5,0.015873015873015872,0.75,1.0,0.7241379310344828
2022-03-14,41,0,22,True,False,False,5,0,5,0.016129032258064516,0.7954545454545454,1.0,0.7142857142857143
2022-03-15,41,0,25,True,False,False,5,0,6,0.03125,0.8222222222222222,1.0,0.8076923076923077
2022-03-16,41,0,27,True,False,False,5,0,6,0.046153846153846156,0.782608695652174,1.0,0.7333333333333333
2022-03-17,41,0,24,True,False,False,5,0,5,0.031746031746031744,0.9523809523809523,1.0,0.5454545454545454
2022-03-18,41,0,28,True,False,False,5,0,6,0.014705882352941176,0.9069767441860465,1.0,0.6774193548387096
2022-03-21,43,0,30,True,False,False,5,0,7,0.028169014084507043,0.7872340425531915,1.0,0.7058823529411765
2022-03-22,45,0,34,True,False,False,5,0,8,0.025974025974025976,0.8333333333333334,1.0,0.7777777777777778
2022-03-23,45,1,29,True,False,False,5,1,7,0.0273972602739726,0.9148936170212766,0.0,0.6578947368421053
2022-03-24,41,1,31,True,False,False,5,1,9,0.013888888888888888,0.72,1.0,0.875
2022-03-25,38,5,32,True,False,False,5,3,9,0.013513513513513514,0.8372093023255814,0.2,0.9090909090909091
2022-03-28,38,4,41,True,False,False,5,2,10,0.024691358024691357,0.7674418604651163,0.8,0.7380952380952381
2022-03-29,38,8,39,True,False,False,5,2,10,0.0625,0.6521739130434783,0.5,0.8604651162790697
2022-03-30,33,13,39,True,False,False,5,4,9,0.04938271604938271,0.7317073170731707,0.6153846153846154,0.7727272727272727
2022-03-31,35,8,36,True,False,False,5,3,8,0.039473684210526314,0.7894736842105263,0.6153846153846154,0.7045454545454546
2022-04-01,34,6,38,True,False,False,5,3,9,0.04,0.7692307692307693,0.5555555555555556,0.7619047619047619
2022-04-04,43,8,41,True,False,False,5,3,10,0.08235294117647059,0.5714285714285714,0.5555555555555556,0.8372093023255814
2022-04-05,34,4,39,True,False,False,5,2,8,0.0,0.6739130434782609,0.5,0.7777777777777778
2022-04-06,36,2,38,True,False,False,5,2,8,0.02702702702702703,0.627906976744186,0.2,0.7906976744186046
2022-04-07,33,2,31,True,False,False,5,2,7,0.015384615384615385,0.7692307692307693,1.0,0.6829268292682927
2022-04-08,37,1,29,True,False,False,5,1,8,0.015151515151515152,0.6666666666666666,0.5,0.6666666666666666
2022-04-11,40,0,26,True,False,False,5,0,7,0.03125,0.7906976744186046,0.0,0.7741935483870968
2022-04-12,38,0,28,True,False,False,5,0,7,0.03125,0.7727272727272727,1.0,0.8620689655172413
2022-04-13,55,0,27,False,False,False,9,0,7,0.0379746835443038,0.55,1.0,0.8333333333333334
2022-04-14,47,0,27,False,False,False,9,0,7,0.04225352112676056,0.8545454545454545,1.0,0.8
2022-04-18,47,0,28,False,False,False,8,0,6,0.0273972602739726,0.7407407407407407,1.0,0.6176470588235294
2022-04-19,55,0,26,False,False,False,9,0,7,0.0125,0.7894736842105263,1.0,0.7419354838709677
2022-04-20,45,0,27,False,False,False,8,0,8,0.014084507042253521,0.6666666666666666,1.0,0.8275862068965517
2022-04-21,43,0,27,False,False,False,8,0,8,0.029411764705882353,0.8723404255319149,1.0,0.7419354838709677
2022-04-22,56,0,25,False,False,False,9,0,7,0.038461538461538464,0.7368421052631579,1.0,0.8571428571428571
2022-04-25,53,0,33,False,False,False,8,0,9,0.03614457831325301,0.8166666666666667,1.0,0.7058823529411765
2022-04-26,71,0,36,False,False,False,10,0,9,0.028846153846153848,0.631578947368421,1.0,0.8157894736842105
2022-04-27,60,0,42,False,False,False,9,0,10,0.030303030303030304,0.7236842105263158,1.0,0.8571428571428571
2022-04-28,43,0,43,True,False,False,5,0,10,0.075,0.6885245901639344,1.0,0.6346153846153846
2022-04-29,42,0,44,True,False,False,5,0,10,0.06172839506172839,0.7,1.0,0.8125
2022-05-02,43,0,45,True,False,False,5,0,10,0.060240963855421686,0.8888888888888888,1.0,0.9347826086956522
2022-05-03,45,0,47,True,False,False,5,0,10,0.05747126436781609,0.76,1.0,0.84
2022-05-04,45,0,32,True,False,False,5,0,8,0.04054054054054054,0.8367346938775511,1.0,0.58
2022-05-05,38,0,27,True,False,False,5,0,8,0.031746031746031744,0.6274509803921569,1.0,0.5945945945945946
2022-05-06,35,0,26,True,False,False,5,0,8,0.016666666666666666,0.825,1.0,0.7666666666666667
2022-05-09,38,0,26,True,False,False,5,0,7,0.03225806451612903,0.5869565217391305,1.0,0.7333333333333333
2022-05-10,41,0,26,True,False,False,5,0,8,0.046875,0.7555555555555555,1.0,0.7333333333333333
2022-05-11,44,0,26,True,False,False,5,0,7,0.029411764705882353,0.6666666666666666,1.0,0.7333333333333333
2022-05-12,41,0,31,True,False,False,5,0,7,0.043478260869565216,0.7346938775510204,1.0,0.6285714285714286
2022-05-13,41,0,30,True,False,False,5,0,8,0.04411764705882353,0.782608695652174,1.0,0.6486486486486487
2022-05-16,38,0,28,True,False,False,5,0,6,0.047619047619047616,0.7555555555555555,1.0,0.7575757575757576
2022-05-17,39,0,28,True,False,False,5,0,7,0.015151515151515152,0.8333333333333334,1.0,0.75
2022-05-18,39,0,23,True,False,False,5,0,6,0.03333333333333333,0.6595744680851063,1.0,0.7
2022-05-19,43,0,20,True,False,False,5,0,5,0.03278688524590164,0.7083333333333334,1.0,0.6538461538461539
2022-05-20,41,0,18,True,False,False,5,0,4,0.05357142857142857,0.6153846153846154,1.0,0.5833333333333334
2022-05-23,43,0,25,True,False,False,5,0,5,0.0967741935483871,0.6153846153846154,1.0,0.5925925925925926
2022-05-24,50,0,24,True,False,False,5,0,5,0.05714285714285714,0.631578947368421,1.0,0.8846153846153846
2022-05-25,49,0,25,True,False,False,5,0,6,0.05714285714285714,0.7068965517241379,1.0,0.8846153846153846
2022-05-26,49,0,19,True,False,False,5,0,6,0.046153846153846156,0.7818181818181819,1.0,0.5714285714285714
2022-05-27,46,0,22,True,False,False,5,0,6,0.030303030303030304,0.6379310344827587,1.0,0.8636363636363636
2022-05-31,42,0,28,True,False,False,5,0,7,0.04477611940298507,0.7254901960784313,1.0,0.5151515151515151
2022-06-01,44,0,22,True,False,False,5,0,6,0.03125,0.7916666666666666,1.0,0.6666666666666666
2022-06-02,45,0,19,True,False,False,5,0,7,0.03225806451612903,0.78,1.0,0.41379310344827586
2022-06-03,45,0,17,True,False,False,5,0,4,0.01639344262295082,0.875,1.0,0.5652173913043478
2022-06-06,47,0,22,True,False,False,5,0,5,0.014705882352941176,0.84,1.0,0.6956521739130435
2022-06-07,45,0,24,True,False,False,5,0,6,0.014705882352941176,0.7037037037037037,1.0,0.7692307692307693
2022-06-08,46,0,22,True,False,False,5,0,5,0.030303030303030304,0.7843137254901961,1.0,0.4838709677419355
2022-06-09,47,0,26,True,False,False,5,0,5,0.028169014084507043,0.7884615384615384,1.0,0.7777777777777778
2022-06-10,49,0,23,True,False,False,5,0,5,0.02857142857142857,0.7454545454545455,1.0,0.8148148148148148
2022-06-13,50,0,27,True,False,False,5,0,7,0.013157894736842105,0.7678571428571429,1.0,0.6666666666666666
2022-06-14,49,0,32,True,False,False,5,0,8,0.038461538461538464,0.8679245283018868,1.0,0.7878787878787878
2022-06-15,50,0,32,True,False,False,5,0,9,0.0379746835443038,0.7368421052631579,1.0,0.7777777777777778
2022-06-16,48,0,31,True,False,False,5,0,9,0.01282051282051282,0.6065573770491803,1.0,0.75
2022-06-17,48,0,19,True,False,True,5,0,4,0.06349206349206349,0.8823529411764706,1.0,0.35135135135135137
2022-06-21,49,0,36,True,False,False,5,0,9,0.0625,0.7017543859649122,1.0,0.4864864864864865
2022-06-22,48,0,26,True,False,False,5,0,7,0.05714285714285714,0.7017543859649122,1.0,0.631578947368421
2022-06-23,42,0,23,True,False,False,5,0,7,0.04838709677419355,0.6981132075471698,1.0,0.6333333333333333
2022-06-24,40,0,18,True,False,False,5,0,7,0.05454545454545454,0.782608695652174,1.0,0.64
2022-06-27,40,0,16,True,False,False,5,0,4,0.037037037037037035,0.8181818181818182,1.0,0.4166666666666667
2022-06-28,44,0,21,True,False,False,5,0,5,0.015625,0.75,1.0,0.37037037037037035
2022-06-29,43,0,26,True,False,False,5,0,6,0.045454545454545456,0.851063829787234,1.0,0.6206896551724138
2022-06-30,41,0,29,True,False,False,5,0,7,0.04477611940298507,0.9090909090909091,1.0,0.71875
2022-07-01,44,0,29,True,False,False,5,0,9,0.07352941176470588,0.8478260869565217,1.0,0.5263157894736842
2022-07-05,46,0,27,True,False,False,5,0,7,0.057971014492753624,0.8,1.0,0.75
2022-07-06,44,0,30,True,False,False,5,0,7,0.04225352112676056,0.875,1.0,0.6764705882352942
2022-07-07,46,0,33,True,False,False,5,0,7,0.039473684210526314,0.875,1.0,0.6578947368421053
2022-07-08,47,0,30,True,False,False,5,0,6,0.0547945205479452,0.9375,1.0,0.6578947368421053
2022-07-11,45,0,31,True,False,False,5,0,6,0.07042253521126761,0.7692307692307693,1.0,0.8484848484848485
2022-07-12,47,0,22,True,False,False,5,0,6,0.045454545454545456,0.7692307692307693,1.0,0.65625
2022-07-13,48,0,15,True,False,False,5,0,5,0.05,0.8627450980392157,1.0,0.6818181818181818
2022-07-14,49,0,22,True,False,False,5,0,4,0.05970149253731343,0.7636363636363637,1.0,0.5416666666666666
2022-07-15,51,0,25,True,False,False,5,0,5,0.05555555555555555,0.6666666666666666,1.0,0.6206896551724138
2022-07-18,76,0,24,False,False,False,10,0,5,0.041666666666666664,0.6493506493506493,1.0,0.6333333333333333
2022-07-19,53,0,25,True,False,False,5,0,5,0.05405405405405406,0.6538461538461539,1.0,0.75
2022-07-20,88,0,24,False,False,False,10,0,5,0.05660377358490566,0.5842696629213483,1.0,0.8148148148148148
2022-07-21,48,0,29,True,False,False,5,0,7,0.06944444444444445,0.5454545454545454,1.0,0.65625
2022-07-22,46,0,32,True,False,False,5,0,7,0.05405405405405406,0.7735849056603774,1.0,0.7428571428571429
2022-07-25,66,1,33,False,False,False,10,1,6,0.08695652173913043,0.6470588235294118,0.0,0.8055555555555556
2022-07-26,62,1,31,False,False,False,10,1,6,0.06818181818181818,0.7777777777777778,1.0,0.5609756097560976
2022-07-27,40,1,30,True,False,False,5,1,6,0.07575757575757576,0.59375,1.0,0.7428571428571429
2022-07-28,66,1,25,False,False,False,10,1,5,0.08235294117647059,0.6060606060606061,1.0,0.6666666666666666
2022-07-29,43,1,28,False,False,False,6,1,7,0.07462686567164178,0.6268656716417911,1.0,0.6060606060606061
2022-08-01,48,1,32,False,False,False,8,1,7,0.1095890410958904,0.7843137254901961,0.0,0.7142857142857143
2022-08-02,50,1,36,False,False,False,8,1,7,0.0875,0.75,1.0,0.7894736842105263
2022-08-03,55,1,40,False,False,False,8,1,9,0.09090909090909091,0.875,1.0,0.8536585365853658
2022-08-04,52,1,38,False,False,False,7,1,9,0.0963855421686747,0.8771929824561403,1.0,0.9024390243902439
2022-08-05,48,1,32,False,False,False,7,1,9,0.08,0.9230769230769231,1.0,0.7948717948717948
2022-08-08,44,1,33,False,False,False,8,1,9,0.0684931506849315,0.84,1.0,0.8055555555555556
2022-08-09,42,1,28,False,False,False,7,1,8,0.05970149253731343,0.9111111111111111,1.0,0.7941176470588235
2022-08-10,44,1,25,False,False,False,7,1,8,0.06060606060606061,0.9111111111111111,1.0,0.7666666666666667
2022-08-11,40,1,22,True,False,False,5,1,8,0.05,0.68,1.0,0.6785714285714286
2022-08-12,57,1,24,False,False,False,10,1,7,0.05128205128205128,0.6440677966101694,1.0,0.5862068965517241
2022-08-15,42,1,22,True,False,False,5,1,5,0.031746031746031744,0.65,1.0,0.7037037037037037
2022-08-16,45,1,27,False,False,False,9,1,6,0.04285714285714286,0.6111111111111112,1.0,0.6896551724137931
2022-08-17,32,1,24,True,False,False,5,1,6,0.05555555555555555,0.6041666666666666,1.0,0.7
2022-08-18,33,1,28,True,False,False,5,1,6,0.05084745762711865,0.9117647058823529,1.0,0.7333333333333333
2022-08-19,33,1,26,True,False,False,5,1,6,0.05263157894736842,0.6923076923076923,1.0,0.9285714285714286
2022-08-22,39,1,28,True,False,False,5,1,7,0.014925373134328358,0.7142857142857143,1.0,0.8
2022-08-23,39,2,27,True,False,False,5,2,7,0.046153846153846156,0.6956521739130435,0.5,0.8333333333333334
2022-08-24,35,2,33,True,False,False,5,2,7,0.029411764705882353,0.6444444444444445,1.0,0.6216216216216216
2022-08-25,36,2,31,True,False,False,5,2,7,0.014705882352941176,0.775,1.0,0.7777777777777778
2022-08-26,33,0,32,True,False,False,5,0,7,0.031746031746031744,0.6046511627906976,0.0,0.8
2022-08-29,36,0,27,True,False,False,5,0,7,0.06779661016949153,0.7692307692307693,1.0,0.5945945945945946
2022-08-30,37,0,27,True,False,False,5,0,6,0.06666666666666667,0.825,1.0,0.8
2022-08-31,36,0,27,True,False,False,5,0,6,0.06779661016949153,0.6976744186046512,1.0,0.6363636363636364
2022-09-01,35,0,27,True,False,False,5,0,7,0.03333333333333333,0.6136363636363636,1.0,0.6875
2022-09-02,39,0,30,True,False,False,5,0,7,0.06153846153846154,0.8048780487804879,1.0,0.78125
2022-09-06,40,0,31,True,False,False,5,0,7,0.05970149253731343,0.8809523809523809,1.0,0.6944444444444444
2022-09-07,38,0,35,True,False,False,5,0,8,0.057971014492753624,0.6956521739130435,1.0,0.6097560975609756
2022-09-08,38,0,32,True,False,False,5,0,9,0.06060606060606061,0.6170212765957447,1.0,0.8108108108108109
2022-09-09,40,0,30,True,False,False,5,0,9,0.07692307692307693,0.7333333333333333,1.0,0.6756756756756757
2022-09-12,41,0,36,True,False,False,5,0,8,0.08450704225352113,0.6875,1.0,0.7368421052631579
2022-09-13,39,0,42,True,False,False,5,0,9,0.06578947368421052,0.7021276595744681,1.0,0.6956521739130435
2022-09-14,35,0,47,True,False,False,5,0,9,0.06493506493506493,0.85,1.0,0.8163265306122449
2022-09-15,34,0,49,True,False,False,5,0,9,0.07792207792207792,0.6046511627906976,1.0,0.7777777777777778
2022-09-16,39,0,45,True,False,False,5,0,9,0.05,0.825,1.0,0.6785714285714286
2022-09-19,39,0,43,True,False,False,5,0,9,0.06493506493506493,0.813953488372093,1.0,0.76
2022-09-20,39,0,49,True,False,False,5,0,9,0.07317073170731707,0.813953488372093,1.0,0.7358490566037735
2022-09-21,39,0,48,True,False,False,5,0,10,0.023529411764705882,0.7727272727272727,1.0,0.8301886792452831
2022-09-22,37,0,49,True,False,False,5,0,9,0.06172839506172839,0.7272727272727273,1.0,0.7321428571428571
2022-09-23,37,0,52,True,False,False,5,0,9,0.05952380952380952,0.5416666666666666,1.0,0.8035714285714286
2022-09-26,48,0,49,True,False,False,5,0,10,0.0898876404494382,0.6037735849056604,1.0,0.7719298245614035
2022-09-27,47,0,40,True,False,False,5,0,8,0.07407407407407407,0.7592592592592593,1.0,0.7450980392156863
2022-09-28,44,0,39,True,False,False,5,0,8,0.09210526315789473,0.75,1.0,0.6122448979591837
2022-09-29,46,0,35,True,False,False,5,0,7,0.08,0.9148936170212766,1.0,0.7619047619047619
2022-09-30,45,0,36,True,False,False,5,0,8,0.08,0.75,1.0,0.7317073170731707
2022-10-03,42,0,36,True,False,False,5,0,9,0.0684931506849315,0.7755102040816326,1.0,0.7142857142857143
2022-10-04,37,0,34,True,False,False,5,0,8,0.05970149253731343,0.6808510638297872,1.0,0.75
2022-10-05,37,0,36,True,False,False,5,0,8,0.057971014492753624,0.8974358974358975,1.0,0.7073170731707317
2022-10-06,40,0,34,True,False,False,5,0,8,0.04225352112676056,0.7111111111111111,1.0,0.75
2022-10-07,41,0,31,True,False,False,5,0,7,0.043478260869565216,0.8837209302325582,1.0,0.8055555555555556
2022-10-10,40,0,28,True,False,False,5,0,7,0.046153846153846156,0.8,1.0,0.84375
2022-10-11,37,0,22,True,False,False,5,0,5,0.017241379310344827,0.6041666666666666,1.0,0.5625
2022-10-12,39,0,26,True,False,False,5,0,6,0.015625,0.7674418604651163,1.0,0.6551724137931034
2022-10-13,42,0,29,True,False,False,5,0,6,0.028985507246376812,0.5576923076923077,1.0,0.7741935483870968
2022-10-14,39,0,22,True,False,False,5,0,5,0.03389830508474576,0.6530612244897959,1.0,0.7
2022-10-17,40,0,24,True,False,False,5,0,6,0.03225806451612903,0.717391304347826,1.0,0.84
2022-10-18,43,0,26,True,False,False,5,0,6,0.029850746268656716,0.8863636363636364,1.0,0.9230769230769231
2022-10-19,42,0,27,True,False,False,5,0,7,0.029850746268656716,0.8478260869565217,1.0,0.7666666666666667
2022-10-20,39,0,34,True,False,False,5,0,7,0.057971014492753624,0.6530612244897959,1.0,0.6486486486486487
2022-10-21,40,0,35,True,False,False,5,0,7,0.056338028169014086,0.6458333333333334,1.0,0.8648648648648649
2022-10-24,41,0,38,True,False,False,5,0,7,0.05333333333333334,0.723404255319149,1.0,0.7804878048780488
2022-10-25,45,0,39,True,False,False,5,0,7,0.06329113924050633,0.72,1.0,0.75
2022-10-26,46,0,33,True,False,False,5,0,7,0.05333333333333334,0.6851851851851852,1.0,0.8
2022-10-27,44,0,37,True,False,False,5,0,8,0.06578947368421052,0.6981132075471698,1.0,0.7073170731707317
2022-10-28,41,0,32,True,False,False,5,0,7,0.10606060606060606,0.6666666666666666,1.0,0.6428571428571429
2022-10-31,43,0,30,True,False,False,5,0,7,0.08955223880597014,0.8260869565217391,1.0,0.6756756756756757
2022-11-01,41,0,27,True,False,False,5,0,7,0.046153846153846156,0.7872340425531915,1.0,0.6764705882352942
2022-11-02,42,0,31,True,False,False,5,0,8,0.057971014492753624,0.7659574468085106,1.0,0.6571428571428571
2022-11-03,41,0,33,True,False,False,5,0,8,0.07246376811594203,0.6274509803921569,1.0,0.7297297297297297
2022-11-04,43,0,34,True,False,False,5,0,8,0.0547945205479452,0.7142857142857143,1.0,0.675
2022-11-07,41,0,36,True,False,False,5,0,10,0.0547945205479452,0.8666666666666667,1.0,0.8918918918918919
2022-11-08,40,0,38,True,False,False,5,0,10,0.04,0.7608695652173914,1.0,0.85
2022-11-09,39,0,39,True,False,False,5,0,9,0.04,0.6458333333333334,1.0,0.75
2022-11-10,35,0,36,True,False,False,5,0,8,0.028985507246376812,0.6444444444444445,1.0,0.8292682926829268
2022-11-11,38,0,36,True,False,False,5,0,9,0.04225352112676056,0.6222222222222222,1.0,0.7142857142857143
2022-11-14,37,0,37,True,False,False,5,0,10,0.05714285714285714,0.8292682926829268,1.0,0.825
2022-11-15,39,0,42,True,False,False,5,0,10,0.08,0.7272727272727273,1.0,0.7555555555555555
2022-11-16,38,0,37,True,False,False,5,0,9,0.10294117647058823,0.6041666666666666,1.0,0.8372093023255814
2022-11-17,39,0,30,True,False,False,5,0,7,0.09523809523809523,0.75,1.0,0.7631578947368421
2022-11-18,35,0,25,True,False,False,5,0,7,0.07142857142857142,0.6444444444444445,1.0,0.8333333333333334
2022-11-21,36,0,27,True,False,False,5,0,7,0.03278688524590164,0.6136363636363636,1.0,0.8571428571428571
2022-11-22,39,0,25,True,False,False,5,0,7,0.03225806451612903,0.8292682926829268,1.0,0.6774193548387096
2022-11-23,37,0,25,True,False,False,5,0,7,0.03333333333333333,0.6521739130434783,1.0,0.7857142857142857
2022-11-25,37,0,26,True,False,False,5,0,7,0.05,0.6818181818181818,1.0,0.8888888888888888
2022-11-28,36,0,29,True,False,False,5,0,8,0.06557377049180328,0.6222222222222222,1.0,0.7741935483870968
2022-11-29,37,0,28,True,False,False,5,0,8,0.06557377049180328,0.5869565217391305,1.0,0.9655172413793104
2022-11-30,37,0,31,True,False,False,5,0,8,0.0625,0.8048780487804879,1.0,0.84375
2022-12-01,37,0,30,True,False,False,5,0,8,0.08064516129032258,0.6818181818181818,1.0,0.8484848484848485
2022-12-02,38,0,27,True,False,False,5,0,6,0.015625,0.6304347826086957,1.0,0.7272727272727273
2022-12-05,39,0,22,True,False,False,5,0,6,0.03389830508474576,0.7111111111111111,1.0,0.6896551724137931
2022-12-06,33,0,20,True,False,False,5,0,6,0.0392156862745098,0.6363636363636364,1.0,0.68
2022-12-07,32,0,24,True,False,False,5,0,6,0.05660377358490566,0.8571428571428571,1.0,0.76
2022-12-08,34,0,25,True,False,False,5,0,6,0.03508771929824561,0.7837837837837838,1.0,0.75
2022-12-09,41,0,27,True,False,False,5,0,6,0.0625,0.5306122448979592,1.0,0.7931034482758621
2022-12-12,43,0,32,True,False,False,5,0,9,0.056338028169014086,0.75,1.0,0.6857142857142857
2022-12-13,39,0,30,True,False,False,5,0,7,0.06153846153846154,0.7446808510638298,1.0,0.8787878787878788
2022-12-14,39,0,30,True,False,False,5,0,8,0.09523809523809523,0.7727272727272727,1.0,0.7142857142857143
2022-12-15,35,0,27,True,False,False,5,0,7,0.08771929824561403,0.7209302325581395,1.0,0.8387096774193549
2022-12-16,36,0,29,True,False,False,5,0,7,0.1016949152542373,0.6904761904761905,1.0,0.8064516129032258
2022-12-19,37,0,29,True,False,False,5,0,8,0.08196721311475409,0.6976744186046512,1.0,0.7575757575757576
2022-12-20,39,0,26,True,False,False,5,0,6,0.08333333333333333,0.6521739130434783,1.0,0.6666666666666666
2022-12-21,37,0,25,True,False,False,5,0,7,0.08771929824561403,0.6888888888888889,1.0,0.7586206896551724
2022-12-22,38,0,25,True,False,False,5,0,6,0.03278688524590164,0.6304347826086957,1.0,0.6129032258064516
2022-12-23,39,0,23,True,False,False,5,0,6,0.01639344262295082,0.75,1.0,0.8461538461538461
2022-12-27,38,0,21,True,False,False,5,0,5,0.03508771929824561,0.6739130434782609,1.0,0.76
2022-12-28,37,0,25,True,False,False,5,0,6,0.05084745762711865,0.6304347826086957,1.0,0.5333333333333333
2022-12-29,39,0,28,True,False,False,5,0,6,0.09836065573770492,0.6170212765957447,1.0,0.5588235294117647
2022-12-30,39,0,24,True,False,False,5,0,6,0.08620689655172414,0.7727272727272727,1.0,0.5757575757575758
2023-01-03,40,0,26,True,False,False,5,0,7,0.08196721311475409,0.49056603773584906,1.0,0.6666666666666666
2023-01-04,44,0,29,True,False,False,5,0,8,0.057971014492753624,0.5849056603773585,1.0,0.6666666666666666
2023-01-05,43,0,29,True,False,False,5,0,10,0.043478260869565216,0.6415094339622641,1.0,0.7575757575757576
2023-01-06,44,0,29,True,False,False,5,0,8,0.028169014084507043,0.5818181818181818,1.0,0.8125
2023-01-09,45,0,31,True,False,False,5,0,9,0.0410958904109589,0.5614035087719298,1.0,0.7647058823529411
2023-01-10,47,0,25,True,False,False,5,0,9,0.014084507042253521,0.84,1.0,0.6
2023-01-11,50,0,26,True,False,False,5,0,8,0.0410958904109589,0.7962962962962963,1.0,0.7586206896551724
2023-01-12,50,0,31,True,False,False,5,0,7,0.05194805194805195,0.8518518518518519,1.0,0.6764705882352942
2023-01-13,46,0,26,True,False,False,5,0,7,0.07462686567164178,0.7454545454545455,1.0,0.6764705882352942
2023-01-17,65,0,32,False,False,False,9,0,9,0.10227272727272728,0.5416666666666666,1.0,0.7575757575757576
2023-01-18,74,0,36,False,False,False,10,0,9,0.1,0.7160493827160493,1.0,0.7
2023-01-19,44,0,30,True,False,False,5,0,8,0.08823529411764706,0.5733333333333334,1.0,0.7368421052631579
2023-01-20,65,0,34,False,False,False,10,0,8,0.08791208791208792,0.6029411764705882,1.0,0.6410256410256411
2023-01-23,54,0,41,False,False,False,8,0,9,0.10465116279069768,0.7,1.0,0.7441860465116279
2023-01-24,53,0,47,False,False,False,9,0,10,0.08695652173913043,0.8448275862068966,1.0,0.7959183673469388
2023-01-25,47,0,44,False,False,False,8,0,8,0.05813953488372093,0.8181818181818182,1.0,0.75
2023-01-26,53,0,37,False,False,False,8,0,8,0.07142857142857142,0.8181818181818182,1.0,0.5882352941176471
2023-01-27,46,0,38,False,False,False,8,0,9,0.09090909090909091,0.8333333333333334,1.0,0.7441860465116279
2023-01-30,37,0,35,False,False,False,6,0,7,0.07462686567164178,0.7659574468085106,1.0,0.6222222222222222
2023-01-31,30,0,32,False,False,False,5,0,6,0.06896551724137931,0.675,1.0,0.717948717948718
2023-02-01,38,0,33,False,False,False,7,0,5,0.04411764705882353,0.6190476190476191,1.0,0.8055555555555556
2023-02-02,38,0,27,False,False,False,7,0,6,0.031746031746031744,0.5833333333333334,1.0,0.6666666666666666
2023-02-03,37,0,25,False,False,False,7,0,7,0.01639344262295082,0.5957446808510638,1.0,0.7333333333333333
2023-02-06,36,0,25,False,False,False,8,0,7,0.016666666666666666,0.5869565217391305,1.0,0.6666666666666666
2023-02-07,34,0,27,False,False,False,8,0,6,0.016666666666666666,0.75,1.0,0.7333333333333333
2023-02-08,35,0,29,False,False,False,8,0,6,0.03225806451612903,0.8648648648648649,1.0,0.75
2023-02-09,38,0,34,False,False,False,8,0,8,0.02857142857142857,0.9210526315789473,1.0,0.575
2023-02-10,37,0,36,False,False,False,8,0,8,0.028169014084507043,0.7857142857142857,1.0,0.6666666666666666
2023-02-13,42,0,38,False,False,False,9,0,9,0.012658227848101266,0.8809523809523809,1.0,0.8048780487804879
2023-02-14,41,0,35,False,False,False,9,0,9,0.0,0.8444444444444444,1.0,0.7804878048780488
2023-02-15,33,0,39,False,False,False,7,0,9,0.02857142857142857,0.7209302325581395,1.0,0.6818181818181818
2023-02-16,36,0,37,False,False,False,7,0,9,0.013888888888888888,0.8157894736842105,1.0,0.8095238095238095
2023-02-17,31,0,40,False,False,False,6,0,9,0.028985507246376812,0.717948717948718,1.0,0.7906976744186046
2023-02-21,39,0,43,False,False,False,7,0,10,0.025,0.75,1.0,0.8444444444444444
2023-02-22,42,0,20,False,False,True,8,0,4,0.01639344262295082,0.8,1.0,0.4318181818181818
2023-02-23,42,0,18,False,False,True,9,0,4,0.05263157894736842,0.7872340425531915,1.0,0.7272727272727273
2023-02-24,38,0,34,False,False,False,7,0,10,0.02857142857142857,0.8181818181818182,1.0,0.3684210526315789
2023-02-27,39,0,37,False,False,False,7,0,10,0.0410958904109589,0.8780487804878049,1.0,0.7317073170731707
2023-02-28,33,0,36,False,False,False,7,0,9,0.029850746268656716,0.7560975609756098,1.0,0.7804878048780488
2023-03-01,35,0,38,False,False,False,6,0,9,0.028169014084507043,0.7,1.0,0.7209302325581395
2023-03-02,38,0,38,False,False,False,7,0,8,0.05555555555555555,0.7804878048780488,1.0,0.8536585365853658
2023-03-03,39,0,44,False,False,False,8,0,9,0.09210526315789473,0.4528301886792453,1.0,0.673469387755102
2023-03-06,31,0,46,True,False,False,5,0,9,0.08450704225352113,0.5217391304347826,1.0,0.8367346938775511
2023-03-07,36,0,52,True,False,False,5,0,10,0.08641975308641975,0.675,1.0,0.7818181818181819
2023-03-08,31,0,23,True,False,True,5,0,5,0.058823529411764705,0.717948717948718,1.0,0.4423076923076923
2023-03-09,35,0,23,True,False,True,5,0,5,0.03571428571428571,0.6923076923076923,1.0,0.9166666666666666
2023-03-10,37,0,24,True,False,True,5,0,5,0.03389830508474576,0.6744186046511628,1.0,0.6206896551724138
2023-03-13,58,0,23,False,False,True,10,0,5,0.038461538461538464,0.5573770491803278,1.0,0.8076923076923077
2023-03-14,36,0,42,True,False,False,5,0,9,0.05405405405405406,0.5409836065573771,1.0,0.5476190476190477
2023-03-15,68,0,38,False,False,False,10,0,8,0.11578947368421053,0.4444444444444444,1.0,0.8181818181818182
2023-03-16,73,0,30,False,False,False,10,0,8,0.08421052631578947,0.8552631578947368,1.0,0.7894736842105263
2023-03-17,71,0,35,False,False,False,10,0,7,0.08163265306122448,0.8461538461538461,1.0,0.6666666666666666
2023-03-20,46,0,34,True,False,False,5,0,7,0.03896103896103896,0.56,1.0,0.8648648648648649
2023-03-21,69,0,39,False,False,False,10,0,9,0.04854368932038835,0.5540540540540541,1.0,0.7804878048780488
2023-03-22,47,0,33,True,False,False,5,0,8,0.03896103896103896,0.6571428571428571,1.0,0.6
2023-03-23,51,0,38,True,False,False,5,0,8,0.03488372093023256,0.75,1.0,0.4791666666666667
2023-03-24,82,0,26,False,False,False,10,0,8,0.02857142857142857,0.5647058823529412,1.0,0.5238095238095238
2023-03-27,50,0,29,True,False,False,5,0,6,0.039473684210526314,0.6097560975609756,1.0,0.6666666666666666
2023-03-28,48,0,31,True,False,False,5,0,8,0.025974025974025976,0.7818181818181819,1.0,0.7647058823529411
2023-03-29,47,0,38,True,False,False,5,0,10,0.0625,0.8627450980392157,1.0,0.7692307692307693
2023-03-30,47,0,28,True,False,True,5,0,5,0.056338028169014086,0.7735849056603774,1.0,0.6097560975609756
2023-03-31,47,0,40,True,False,False,5,0,10,0.06097560975609756,0.7407407407407407,1.0,0.44680851063829785
2023-04-03,48,0,39,True,False,False,5,0,10,0.06097560975609756,0.7272727272727273,1.0,0.7954545454545454
2023-04-04,63,0,41,False,False,False,9,0,10,0.09473684210526316,0.6323529411764706,1.0,0.8604651162790697
2023-04-05,68,0,32,False,False,False,10,0,10,0.08695652173913043,0.7466666666666667,1.0,0.7804878048780488
2023-04-06,57,0,33,False,False,False,8,0,8,0.0975609756097561,0.6233766233766234,1.0,0.5853658536585366
2023-04-10,40,0,30,True,False,False,5,0,7,0.04477611940298507,0.7017543859649122,1.0,0.6153846153846154
2023-04-11,39,0,31,True,False,False,5,0,6,0.014492753623188406,0.7954545454545454,1.0,0.6944444444444444
2023-04-12,40,0,32,True,False,False,5,0,6,0.014084507042253521,0.8809523809523809,1.0,0.75
2023-04-13,38,0,31,False,False,False,6,0,7,0.029850746268656716,0.6595744680851063,1.0,0.75
2023-04-14,36,0,30,False,False,False,6,0,8,0.06451612903225806,0.8048780487804879,1.0,0.6944444444444444
2023-04-17,27,0,38,False,False,False,5,0,7,0.08333333333333333,0.6578947368421053,1.0,0.7
2023-04-18,32,0,40,False,False,False,5,0,9,0.14285714285714285,0.7878787878787878,1.0,0.7333333333333333
2023-04-19,30,0,41,False,False,False,5,0,9,0.09230769230769231,0.7222222222222222,1.0,0.62
2023-04-20,19,0,54,False,False,False,4,0,10,0.140625,0.6333333333333333,1.0,0.7592592592592593
2023-04-21,18,0,40,False,False,False,3,0,10,0.09433962264150944,0.48,1.0,0.5932203389830508
2023-04-24,16,0,40,False,False,False,3,0,10,0.07692307692307693,0.7,1.0,0.7021276595744681
2023-04-25,28,0,31,False,False,False,5,0,7,0.1346153846153846,0.5172413793103449,1.0,0.7317073170731707
2023-04-26,26,0,28,False,False,False,5,0,8,0.125,0.6363636363636364,1.0,0.6388888888888888
2023-04-27,26,0,28,False,False,False,5,0,7,0.10204081632653061,0.625,1.0,0.6
2023-04-28,25,0,22,False,False,False,6,0,5,0.06818181818181818,0.6451612903225806,1.0,0.5625
2023-05-01,18,0,20,False,False,False,6,0,4,0.05555555555555555,0.6538461538461539,1.0,0.68
2023-05-02,21,0,18,False,False,False,6,0,4,0.05405405405405406,0.6956521739130435,1.0,0.7272727272727273
2023-05-03,18,0,19,False,False,False,5,0,5,0.05714285714285714,0.7727272727272727,1.0,0.6818181818181818
2023-05-04,23,0,26,False,False,False,7,0,7,0.0425531914893617,0.5769230769230769,1.0,0.6071428571428571
2023-05-05,29,0,22,False,False,False,9,0,6,0.02,0.7333333333333333,1.0,0.5483870967741935
2023-05-08,32,0,29,False,False,False,9,0,7,0.07017543859649122,0.6944444444444444,1.0,0.5454545454545454
2023-05-09,30,0,32,False,False,False,7,0,7,0.03333333333333333,0.6756756756756757,1.0,0.8484848484848485
2023-05-10,27,0,26,False,False,False,7,0,6,0.0392156862745098,0.78125,1.0,0.7058823529411765
2023-05-11,30,0,21,False,False,False,7,0,6,0.0625,0.78125,1.0,0.6785714285714286
2023-05-12,31,0,21,False,False,False,9,0,5,0.0196078431372549,0.6052631578947368,1.0,0.9090909090909091
2023-05-15,29,0,23,False,False,False,9,0,7,0.0,0.875,1.0,0.76
2023-05-16,39,0,23,False,False,False,9,0,6,0.03333333333333333,0.7,1.0,0.7692307692307693
2023-05-17,44,0,25,False,False,False,10,0,7,0.014705882352941176,0.5370370370370371,1.0,0.5483870967741935
2023-05-18,45,0,28,False,False,False,10,0,6,0.0,0.6792452830188679,1.0,0.5588235294117647
2023-05-19,26,0,35,True,False,False,5,0,8,0.016666666666666666,0.4489795918367347,1.0,0.575
2023-05-22,25,0,36,True,False,False,5,0,7,0.016666666666666666,0.6451612903225806,1.0,0.6904761904761905
2023-05-23,35,0,40,False,False,False,8,0,8,0.013513513513513514,0.5789473684210527,1.0,0.6521739130434783
2023-05-24,35,0,37,False,False,False,8,0,10,0.02857142857142857,0.627906976744186,1.0,0.7111111111111111
2023-05-25,28,0,32,False,False,False,8,0,10,0.0,0.5,1.0,0.7692307692307693
2023-05-26,32,0,40,False,False,False,8,0,10,0.043478260869565216,0.7142857142857143,1.0,0.6363636363636364
2023-05-30,40,0,46,False,False,False,8,0,10,0.03614457831325301,0.7142857142857143,1.0,0.8297872340425532
2023-05-31,31,0,46,False,False,False,6,0,10,0.02666666666666667,0.775,1.0,0.8775510204081632
2023-06-01,32,1,49,False,False,False,8,1,10,0.05128205128205128,0.7027027027027027,0.0,0.8627450980392157
2023-06-02,36,0,38,False,False,False,7,0,10,0.07246376811594203,0.5454545454545454,0.0,0.6415094339622641
2023-06-05,31,0,37,False,False,False,8,0,8,0.0625,0.717948717948718,1.0,0.7857142857142857
2023-06-06,28,0,31,False,False,False,6,0,7,0.03508771929824561,0.84375,1.0,0.7435897435897436
2023-06-07,37,1,32,False,False,False,9,1,8,0.06060606060606061,0.5853658536585366,0.0,0.6153846153846154
2023-06-08,36,0,34,False,False,False,8,0,7,0.06060606060606061,0.7804878048780488,0.0,0.8333333333333334
2023-06-09,37,0,29,False,False,False,10,0,7,0.047619047619047616,0.825,1.0,0.5365853658536586
2023-06-12,39,0,27,False,False,False,10,0,7,0.06451612903225806,0.8536585365853658,1.0,0.6470588235294118
2023-06-13,39,0,29,False,False,False,10,0,6,0.11475409836065574,0.7727272727272727,1.0,0.6470588235294118
2023-06-14,34,0,30,False,False,False,8,0,6,0.06666666666666667,0.6976744186046512,1.0,0.84375
2023-06-15,33,0,34,False,False,False,8,0,7,0.046875,0.8108108108108109,1.0,0.7297297297297297
2023-06-16,36,0,35,False,False,False,8,0,8,0.028985507246376812,0.9166666666666666,1.0,0.8157894736842105
2023-06-20,43,0,37,False,False,False,8,0,8,0.05263157894736842,0.7954545454545454,1.0,0.8
2023-06-21,41,0,33,False,False,False,9,0,7,0.04225352112676056,0.7142857142857143,1.0,0.7948717948717948
2023-06-22,36,0,33,False,False,False,9,0,7,0.045454545454545456,0.75,1.0,0.7368421052631579
2023-06-23,45,0,38,False,False,False,10,0,7,0.05063291139240506,0.8,1.0,0.6904761904761905
2023-06-26,49,1,38,False,False,False,10,1,6,0.08641975308641975,0.8076923076923077,0.0,0.8536585365853658
2023-06-27,45,1,35,False,False,False,10,1,6,0.06578947368421052,0.8431372549019608,1.0,0.7380952380952381
2023-06-28,42,0,31,False,False,False,9,0,6,0.07352941176470588,0.851063829787234,0.0,0.7837837837837838
2023-06-29,40,0,27,False,False,False,10,0,7,0.08064516129032258,0.673469387755102,1.0,0.6571428571428571
2023-06-30,52,0,24,False,False,False,10,0,6,0.11764705882352941,0.7358490566037735,1.0,0.7
2023-07-03,32,1,26,False,False,False,6,1,7,0.1568627450980392,0.6153846153846154,0.0,0.6129032258064516
2023-07-05,26,1,28,False,False,False,5,1,7,0.1702127659574468,0.7575757575757576,1.0,0.7419354838709677
2023-07-06,33,0,29,False,False,False,8,0,7,0.19230769230769232,0.7352941176470589,0.0,0.6285714285714286
2023-07-07,33,0,34,False,False,False,7,0,7,0.046875,0.6097560975609756,1.0,0.8
2023-07-10,31,0,39,False,False,False,6,0,8,0.04477611940298507,0.7777777777777778,1.0,0.6976744186046512
2023-07-11,33,0,38,False,False,False,7,0,8,0.07575757575757576,0.8285714285714286,1.0,0.8780487804878049
2023-07-12,36,0,34,False,False,False,8,0,6,0.09375,0.8648648648648649,1.0,0.5652173913043478
2023-07-13,34,0,33,False,False,False,8,0,7,0.08064516129032258,0.8421052631578947,1.0,0.6341463414634146
2023-07-14,37,0,32,False,False,False,7,0,7,0.06153846153846154,0.775,1.0,0.7567567567567568
2023-07-17,32,0,30,False,False,False,7,0,7,0.0,0.7692307692307693,1.0,0.6756756756756757
2023-07-18,22,0,33,False,False,False,5,0,7,0.0,0.6363636363636364,1.0,0.8
2023-07-19,15,0,33,False,False,False,3,0,7,0.0,0.6086956521739131,1.0,0.7368421052631579
2023-07-20,20,1,33,False,False,False,3,1,7,0.058823529411764705,0.6666666666666666,0.0,0.8333333333333334
2023-07-21,20,1,32,False,False,False,4,1,8,0.06,0.5384615384615384,1.0,0.6666666666666666
2023-07-24,17,1,26,False,False,False,5,1,7,0.047619047619047616,0.6086956521739131,1.0,0.5675675675675675
2023-07-25,16,2,23,False,False,False,3,2,4,0.025,0.7368421052631579,0.5,0.6333333333333333
2023-07-26,16,2,26,False,False,False,3,2,6,0.023255813953488372,0.7777777777777778,1.0,0.48484848484848486
2023-07-27,19,2,29,False,False,False,3,2,7,0.02040816326530612,0.8421052631578947,1.0,0.7741935483870968
2023-07-28,15,2,31,False,False,False,4,2,8,0.02127659574468085,0.6190476190476191,1.0,0.8181818181818182
2023-07-31,9,1,38,False,False,False,2,1,9,0.0,0.6,0.5,0.725
2023-08-01,12,1,37,False,False,False,3,1,9,0.0,0.75,1.0,0.7441860465116279
2023-08-02,16,1,34,False,False,False,4,1,7,0.0,0.75,1.0,0.6511627906976745
2023-08-03,12,2,33,False,False,False,4,2,8,0.0,0.6470588235294118,0.5,0.717948717948718
2023-08-04,8,1,37,False,False,False,3,1,8,0.0,0.5384615384615384,0.5,0.7948717948717948
2023-08-07,9,1,37,False,False,False,3,1,8,0.0,0.8888888888888888,1.0,0.85
2023-08-08,9,1,31,False,False,False,3,1,7,0.0,1.0,1.0,0.7435897435897436
2023-08-09,9,1,27,False,False,False,3,1,7,0.0,0.8,1.0,0.7575757575757576
2023-08-10,10,1,23,False,False,False,3,1,4,0.0,0.9,1.0,0.7857142857142857
2023-08-11,11,1,19,False,False,False,3,1,5,0.03333333333333333,0.9090909090909091,1.0,0.6153846153846154
2023-08-14,11,1,25,False,False,False,3,1,7,0.027777777777777776,0.6923076923076923,1.0,0.5714285714285714
2023-08-15,14,1,31,False,False,False,5,1,8,0.022222222222222223,0.5625,1.0,0.6470588235294118
2023-08-16,21,1,37,False,False,False,7,1,9,0.017241379310344827,0.6666666666666666,1.0,0.7435897435897436
2023-08-17,19,0,31,False,False,True,5,0,5,0.0,0.5384615384615384,0.0,0.7
2023-08-18,22,0,39,False,False,False,5,0,10,0.016666666666666666,0.64,1.0,0.5909090909090909
2023-08-21,16,0,43,False,False,False,3,0,10,0.03508771929824561,0.52,1.0,0.7446808510638298
2023-08-22,14,0,30,False,False,True,3,0,5,0.023255813953488372,0.5,1.0,0.6222222222222222
2023-08-23,22,0,43,False,False,False,5,0,9,0.015625,0.5652173913043478,1.0,0.5869565217391305
2023-08-24,25,0,45,False,False,False,7,0,8,0.029411764705882353,0.6206896551724138,1.0,0.8333333333333334
2023-08-25,32,0,45,False,False,False,7,0,8,0.0547945205479452,0.6285714285714286,1.0,0.875
2023-08-28,36,0,41,False,False,False,9,0,8,0.0547945205479452,0.7894736842105263,1.0,0.7916666666666666
2023-08-29,42,0,40,False,False,False,9,0,8,0.10810810810810811,0.813953488372093,1.0,0.8
2023-08-30,44,1,37,False,False,False,8,1,8,0.07894736842105263,0.8297872340425532,0.0,0.75
2023-08-31,49,1,36,False,False,False,8,1,7,0.075,0.7547169811320755,1.0,0.7804878048780488
2023-09-01,60,1,31,False,False,False,10,1,6,0.045454545454545456,0.6029411764705882,1.0,0.5952380952380952
2023-09-05,53,1,32,False,False,False,9,1,7,0.04878048780487805,0.5915492957746479,1.0,0.7027027027027027
2023-09-06,52,1,33,False,False,False,8,1,8,0.06172839506172839,0.875,1.0,0.5476190476190477
2023-09-07,45,1,36,False,False,False,7,1,8,0.10810810810810811,0.7017543859649122,1.0,0.725
2023-09-08,46,1,44,False,False,False,7,1,9,0.12345679012345678,0.7843137254901961,1.0,0.6666666666666666
2023-09-11,39,0,47,False,False,False,7,0,10,0.08860759493670886,0.6666666666666666,0.0,0.6851851851851852
2023-09-12,35,0,32,False,False,True,6,0,5,0.08064516129032258,0.7619047619047619,1.0,0.6458333333333334
2023-09-13,22,1,50,False,False,False,4,1,10,0.04285714285714286,0.5833333333333334,0.0,0.5471698113207547
2023-09-14,26,1,53,False,False,False,5,1,10,0.02564102564102564,0.6551724137931034,1.0,0.7758620689655172
2023-09-15,27,0,54,False,False,False,5,0,10,0.06578947368421052,0.5588235294117647,0.0,0.7540983606557377
2023-09-18,29,0,54,False,False,False,5,0,10,0.0641025641025641,0.8064516129032258,1.0,0.8620689655172413
2023-09-19,27,0,31,False,False,True,5,0,5,0.07407407407407407,0.8064516129032258,1.0,0.46551724137931033
2023-09-20,32,0,34,False,False,True,5,0,5,0.06451612903225806,0.7878787878787878,1.0,0.6666666666666666
2023-09-21,45,0,51,False,False,False,9,0,9,0.06666666666666667,0.6041666666666666,1.0,0.6037735849056604
2023-09-22,38,0,42,False,False,False,8,0,8,0.06666666666666667,0.7659574468085106,1.0,0.6607142857142857
2023-09-25,39,0,42,False,False,False,7,0,8,0.038461538461538464,0.8780487804878049,1.0,0.68
2023-09-26,45,0,43,False,False,False,9,0,8,0.03529411764705882,0.7872340425531915,1.0,0.7346938775510204
2023-09-27,32,0,46,False,False,False,7,0,10,0.04,0.6739130434782609,1.0,0.8163265306122449
2023-09-28,33,0,27,False,False,True,7,0,5,0.01694915254237288,0.8571428571428571,1.0,0.5208333333333334
2023-09-29,37,0,28,False,False,True,8,0,5,0.015625,0.8421052631578947,1.0,0.6176470588235294
2023-10-02,34,0,42,False,False,False,6,0,9,0.07042253521126761,0.6511627906976745,1.0,0.5217391304347826
2023-10-03,30,0,43,False,False,False,5,0,10,0.057971014492753624,0.6,1.0,0.6346153846153846
2023-10-04,32,1,47,False,False,False,6,1,10,0.06666666666666667,0.8235294117647058,0.0,0.8
2023-10-05,39,1,43,False,False,False,6,1,9,0.0641025641025641,0.8205128205128205,1.0,0.7647058823529411
2023-10-06,33,1,47,False,False,False,6,1,9,0.06578947368421052,0.7560975609756098,1.0,0.6981132075471698
2023-10-09,32,0,46,False,False,False,6,0,9,0.02631578947368421,0.8571428571428571,0.0,0.7547169811320755
2023-10-10,34,0,46,False,False,False,7,0,10,0.02564102564102564,0.7837837837837838,1.0,0.7692307692307693
2023-10-11,35,0,46,False,False,False,6,0,8,0.038461538461538464,0.6428571428571429,1.0,0.7692307692307693
2023-10-12,35,0,43,False,False,False,6,0,9,0.05405405405405406,0.8421052631578947,1.0,0.7450980392156863
2023-10-13,30,0,38,False,False,False,6,0,8,0.0625,0.7105263157894737,1.0,0.6875
2023-10-16,31,0,42,False,False,False,6,0,7,0.07352941176470588,0.90625,1.0,0.7021276595744681
2023-10-17,28,0,44,False,False,False,6,0,8,0.07462686567164178,0.84375,1.0,0.8297872340425532
2023-10-18,39,0,42,False,False,False,8,0,7,0.08,0.675,1.0,0.6862745098039216
2023-10-19,31,0,45,False,False,False,6,0,9,0.07042253521126761,0.7073170731707317,1.0,0.7058823529411765
2023-10-20,31,0,33,False,False,True,5,0,5,0.0847457627118644,0.8235294117647058,1.0,0.6595744680851063
2023-10-23,27,0,50,False,False,False,5,0,10,0.0547945205479452,0.8125,1.0,0.5961538461538461
2023-10-24,25,0,34,False,False,False,4,0,8,0.07272727272727272,0.9259259259259259,1.0,0.6153846153846154
2023-10-25,21,2,37,False,False,False,4,2,7,0.034482758620689655,0.7037037037037037,0.0,0.868421052631579
2023-10-26,22,1,33,False,False,False,6,1,7,0.037037037037037035,0.72,0.5,0.7073170731707317
2023-10-27,24,1,34,False,False,False,6,1,7,0.05357142857142857,0.84,0.0,0.7631578947368421
2023-10-30,26,0,42,False,False,False,6,0,9,0.030303030303030304,0.8518518518518519,0.0,0.6888888888888889
2023-10-31,28,0,43,False,False,False,6,0,9,0.028985507246376812,0.6875,1.0,0.8085106382978723
2023-11-01,27,0,40,False,False,False,6,0,9,0.046875,0.8333333333333334,1.0,0.8043478260869565
2023-11-02,39,0,41,False,False,False,8,0,10,0.03896103896103896,0.6923076923076923,1.0,0.7608695652173914
2023-11-03,42,0,32,False,False,True,10,0,5,0.05714285714285714,0.7608695652173914,1.0,0.5208333333333334
2023-11-06,43,0,41,False,False,False,9,0,9,0.05,0.8478260869565217,1.0,0.6976744186046512
2023-11-07,31,0,37,False,False,False,8,0,8,0.030303030303030304,0.7209302325581395,1.0,0.8571428571428571
2023-11-08,31,0,30,False,False,False,9,0,6,0.016666666666666666,0.8787878787878788,1.0,0.6341463414634146
2023-11-09,35,0,32,False,False,False,9,0,6,0.015151515151515152,0.8857142857142857,1.0,0.7222222222222222
2023-11-10,42,0,36,False,False,False,10,0,7,0.05405405405405406,0.8333333333333334,1.0,0.6585365853658537
2023-11-13,40,0,45,False,False,False,9,0,7,0.04938271604938271,0.8636363636363636,1.0,0.723404255319149
2023-11-14,52,0,47,False,False,False,9,0,8,0.042105263157894736,0.6140350877192983,1.0,0.8775510204081632
2023-11-15,43,0,38,False,False,False,9,0,8,0.038461538461538464,0.6666666666666666,1.0,0.6666666666666666
2023-11-16,42,0,42,False,False,False,9,0,9,0.05,0.8085106382978723,1.0,0.6326530612244898
2023-11-17,38,0,43,False,False,False,8,0,10,0.038461538461538464,0.8181818181818182,1.0,0.7708333333333334
2023-11-20,37,0,37,False,False,False,8,0,8,0.04225352112676056,0.9230769230769231,1.0,0.7391304347826086
2023-11-21,39,0,40,False,False,False,8,0,8,0.039473684210526314,0.6521739130434783,1.0,0.7111111111111111
2023-11-22,44,0,33,False,False,False,9,0,7,0.0547945205479452,0.6938775510204082,1.0,0.7380952380952381
2023-11-24,49,0,38,False,False,False,9,0,8,0.03571428571428571,0.7547169811320755,1.0,0.775
2023-11-27,38,0,46,False,False,False,8,0,8,0.037037037037037035,0.6415094339622641,1.0,0.7142857142857143
2023-11-28,34,0,43,False,False,False,8,0,8,0.013157894736842105,0.8,1.0,0.7450980392156863
2023-11-29,41,0,43,False,False,False,8,0,9,0.05,0.8292682926829268,1.0,0.6226415094339622
2023-11-30,44,0,41,False,False,False,8,0,10,0.0625,0.8888888888888888,1.0,0.7872340425531915
2023-12-01,40,0,37,False,False,False,7,0,9,0.0547945205479452,0.75,1.0,0.5918367346938775
2023-12-04,42,0,47,False,False,False,8,0,10,0.09876543209876543,0.8222222222222222,1.0,0.6153846153846154
2023-12-05,43,0,42,False,False,False,8,0,10,0.04938271604938271,0.8478260869565217,1.0,0.6481481481481481
2023-12-06,36,0,44,False,False,False,7,0,9,0.03896103896103896,0.7954545454545454,1.0,0.7916666666666666
2023-12-07,35,0,44,False,False,False,8,0,9,0.025974025974025976,0.868421052631579,1.0,0.5714285714285714
2023-12-08,31,0,36,False,False,False,7,0,7,0.046875,0.7837837837837838,1.0,0.7391304347826086
2023-12-11,25,0,35,False,False,False,7,0,7,0.034482758620689655,0.8064516129032258,1.0,0.6136363636363636
2023-12-12,23,0,36,False,False,False,7,0,8,0.05357142857142857,0.8461538461538461,1.0,0.6904761904761905
2023-12-13,16,0,39,False,False,False,4,0,6,0.018518518518518517,0.4444444444444444,1.0,0.5957446808510638
2023-12-14,31,1,36,False,False,False,7,1,7,0.07936507936507936,0.42424242424242425,0.0,0.8292682926829268
2023-12-15,29,0,34,False,False,False,7,0,8,0.10526315789473684,0.7647058823529411,0.0,0.5217391304347826
